name,plan_class
132-1832,irradiated
NGC6357-94,irradiated
CD-25-11111B,edge-on
F64,irradiated
HD-169142-MRS,Herbig
NGC6357-69,irradiated
ASS-CHA-T-2-54,CTTS
2MASSJ16052157-1821412,CTTS
NGC6357-122,irradiated
CPD-36-6759,Herbig
TCHA,TD
NGC6357-105,irradiated
338-51180,irradiated
F11,irradiated
HD166,control
NGC6357-62,irradiated
UX-TAU-A,TD
F16,irradiated
LRL-58,CTTS
LRL-36,CTTS
J0605,control
NGC6357-86,irradiated
414-50092,irradiated
S216-0939,irradiated
GY92-320,VLMS
EM-SR-21A,TD
2MASSJ16035767-2031055,CTTS
NGC6357-39,irradiated
HD-142666,Herbig
SRC50,irradiated
SRC38,irradiated
252-52365,irradiated
313-48277,irradiated
IRAS-17178-2600,unclear
HD-31648,Herbig
2MASS-J04390163+2336029,VLMS
UPPSCO-3-J1602-2257,CTTS
SRC16,irradiated
TAU042021,edge-on
551-51201,irradiated
SRC23,irradiated
HD-143006,TD
SRC55,irradiated
V-V488-PER,control
SR-4,CTTS
SZ-111,TD
OPH-163131_MIR2,edge-on
V-V488-Per-dr3,control
2MASS-J16020757-2257467,CTTS
881-50220,irradiated
LRL-32,CTTS
SZ-123A,TD
CVSO-1575,irradiated
HD-32297,control
CVSO-1942,CTTS
2MASSJ16042165-2130284,TD
OPH-2349.8-2601,VLMS
NGC6357-123,irradiated
LRL-9060,VLMS
V-CI-TAU,CTTS
V-GM-AUR,TD
GM-AUR,TD
2MASS-J16085953-3856275,VLMS
2MASS-J16064794-1841437,CTTS
SRC27,irradiated
GY92-3,VLMS
2MASS-J16042165-2130284,TD
LRL-40,CTTS
B335N01,control
CVSO-1842,CTTS
OPH-163131_MIR,edge-on
V-HK-CHA,VLMS
V-SZ-CHA,TD
DENIS-J155556.0-204518,VLMS
SZ-CHA,TD
SRC25,irradiated
DENIS-J160603.9-205644,VLMS
ESO-HA569,edge-on
UPPSCO-6-J1616-2521,CTTS
HH211,ClassI-FS
UPPSCO-8-J1622-2511,CTTS
HD-15407,control
ASASSN-25cd,unclear
CD-40-8434,CTTS
NGC2547-ID8,control
UPPSCO-4-J1611-1918,CTTS
2MASS-J16115979-3823383,VLMS
UPPSCO-10-J1609-1908,CTTS
RXJ1615.3,TD
CVSO-1772,CTTS
SZ-96,CTTS
DE-TAU,CTTS
2MASSJ16111534-1757214,CTTS
V836-TAU,CTTS
LRL-63,CTTS
NGC2547-ID8-dr3,control
CVSO-1928,CTTS
CVSO-1545,CTTS
J0611,control
CVSO-156,CTTS
RZPSC,control
BKLT-J162813-243139,edge-on
SZ-129,CTTS
EM-AS-209,CTTS
2MASSJ16123916-1859284,CTTS
V-GK-TAU,CTTS
AS-209,CTTS
UPPSCO-7-J1620-2442,CTTS
HT-LUP,CTTS
CVSO-298,CTTS
V-GO-TAU,CTTS
V-SY-CHA,CTTS
HD-172555,control
J0712,control
V4046SGR,TD
LUPUS-4-V-HM-LUP,CTTS
GD-362,control
MY-LUP,CTTS
J0609,control
LUPUS-6-J16085324-3914401,CTTS
LRL-37,CTTS
2MASSJ16075796-2040087,CTTS
IP-TAU,TD
SZ-77,CTTS
V-T-Cha,TD
SZ-118,TD
LUPUS-5-SZ-77,CTTS
HQ-TAU,CTTS
CVSO-1295,CTTS
V-TW-HYA,TD
ISO-CHAI-138,VLMS
2MASSJ16153456-2242421,CTTS
HD-163296,Herbig
LRL-55,CTTS
ISO-CHAI-52,CTTS
-BET-PIC,control
ESO-HA-574_MIR2,edge-on
2MASSJ16062196-1928445,CTTS
SZ-130,CTTS
RU-LUP,CTTS
V-FT-TAU,CTTS
2MASS-J08075546-4707460,CTTS
ITG-3,VLMS
ISO-CHAI-217,VLMS
CHSM-13620,CTTS
NC98-CHA-HA-1,VLMS
J1044,control
LUPUS-3-UCAC3-104-204438,CTTS
B68N02,control
J2043,control
2MASSJ16142029-1906481,CTTS
16124373-3815031,CTTS
V-DN-TAU,CTTS
J2301,control
808-50020,irradiated
UPPSCO-1-J16120668-3010270,CTTS
HO-TAU,CTTS
CFHT-BD-TAU-9,VLMS
GI-TAU,CTTS
2MASS-J08074647-4711495,CTTS
V-WX-CHA,VLMS
V-BP-TAU,CTTS
V-RY-LUP,TD
V-DG-TAU,CTTS
CVSO-1739,VLMS
UPPSCO-9-J1608-1930,CTTS
DOAR-33,CTTS
LUPUS-9-SZ-95,CTTS
SZ-95,CTTS
CVSO-1886,CTTS
LRL-10352,CTTS
J16083070-3828268,TD
V-GW-LUP,CTTS
OPHE-MM3_MIR2,ClassI-FS
V-HP-TAU,CTTS
WD0145+234,control
EM-LKCA-15,TD
V-IQ-TAU,CTTS
SZ-91,TD
SZ-66,CTTS
2MASSJ16153220-2010236,CTTS
HD-138813,control
V-DM-TAU,TD
2MASS-J04201611+2821325,VLMS
V-V1279-SCO,CTTS
LUPUS-8-SZ-66,CTTS
NC98-CHA-HA-9,VLMS
V-V1213-TAU,CTTS
HD-131835,control
V-VW-CHA,CTTS
AS-205-N,CTTS
LRL-15,CTTS
CW-TAU,CTTS
DS-TAU,CTTS
CVSO-1711,CTTS
V-AA-TAU,CTTS
RX-J155829.5-231026,CTTS
2MASSJ16141107-2305362,CTTS
SRC47,irradiated
DENIS-J161005.4-191936,VLMS
ISO-CHAI-147,VLMS
LUPUS-7-SZ-131,CTTS
SZ-65,CTTS
V-V1003-OPH,CTTS
SZ-90,CTTS
USCOCTIO-128,VLMS
J1213,control
LRL-41,CTTS
HD-325367,CTTS
HEN-3-1258,CTTS
V-DL-TAU,CTTS
V-HV-TAU-C,edge-on
LUPUS-1-SZ65,CTTS
V-GQ-Lup,CTTS
UPPSCO-2-J1605-2023,CTTS
GQ-LUP,CTTS
HD-35929,Herbig
HD-23514,control
ISO-CHAI-252,VLMS
LRL-1933,CTTS
OPHE-MM3_MIR,ClassI-FS
ELIAS-2-20,CTTS
SZ-28,CTTS
J0925,control
V-DR-TAU,CTTS
V-CT-CHA-B,CPD
V-TW-CHA,CTTS
B68N04,control
USCOCTIO-113,VLMS
B335N04,control
V-V1094-SCO,CTTS
L694-2N07,control
V-DF-TAU,CTTS
B68N03,control
FN-TAU,VLMS
PGZ2001-J160532.1-193315,VLMS
V-CX-TAU,CTTS
V-RW-AUR,CTTS
EXZ-ETA-CRV,control
THA-15-12,CTTS
ELIA-2-24,CTTS
-49-CET,control
V-FZ-TAU,CTTS
V-VZ-CHA,CTTS
IRAS-04385,ClassI-FS
SZ-114,VLMS
2MASS-J16120505-2043404,CTTS
HH48B-MIRI,edge-on
B335N16,control
SZ-50,CTTS
NAME-HK-TAU-B,edge-on
WSB-52,CTTS
ELIA-2-27,CTTS
V-XX-CHA-2,CTTS
V-DQ-Tau,CTTS
2MASSJ16064385-1908056,CTTS
L694-2N02,control
L694-2N01,control
V-CY-TAU,CTTS
EC53-epoch2,ClassI-FS
DQ-Tau,CTTS
UPPSCO-5-J1614-2332,CTTS
-ETA-TEL,control
YLW-16B,ClassI-FS
DELORME-1-AB-B,CPD
DOAR-25,CTTS
EC53,ClassI-FS
NGC6357-11,irradiated
NGC6357-34,irradiated
NGC6357-76,irradiated
BETA-PIC-disk-offset-cats-tail,control
ESO-HA-574_MIR,edge-on
HST10,irradiated
LK-HA-263C_MIR,edge-on
