# A_lambda/A_V tabulated from dust_extinction 1.7 (Gordon et al. 2024, JOSS 9, 7023; BSD-3): G23 = Gordon et al. 2023 (ApJ 950, 86), G21_MWAvg = Gordon et al. 2021 (ApJ 916, 33), CT06_MWLoc = Chiar & Tielens 2006 (ApJ 637, 774) local ISM, F11_MWGC = Fritz et al. 2011 (ApJ 737, 73); NaN outside each curve's range
wave_um,G23_Rv3.1,G23_Rv5.5,G21_MWAvg,CT06_MWLoc,F11_MWGC
0.8,0.590044,0.696215,,,
0.804233,0.585091,0.692091,,,
0.808489,0.580164,0.687973,,,
0.812766,0.575261,0.68386,,,
0.817067,0.570383,0.679753,,,
0.82139,0.565529,0.675652,,,
0.825737,0.560699,0.671557,,,
0.830106,0.555893,0.667469,,,
0.834498,0.55111,0.663387,,,
0.838914,0.546351,0.659311,,,
0.843353,0.541615,0.655243,,,
0.847815,0.536902,0.651181,,,
0.852301,0.532212,0.647126,,,
0.856811,0.527544,0.643079,,,
0.861345,0.522899,0.639039,,,
0.865902,0.518277,0.635006,,,
0.870484,0.513676,0.630981,,,
0.87509,0.509098,0.626963,,,
0.879721,0.504542,0.622953,,,
0.884375,0.500008,0.618951,,,
0.889055,0.495495,0.614957,,,
0.893759,0.491005,0.610971,,,
0.898488,0.486535,0.606994,,,
0.903243,0.482074,0.603041,,,
0.908022,0.477578,0.599162,,,
0.912827,0.473051,0.595348,,,
0.917657,0.468498,0.591587,,,
0.922512,0.463924,0.58787,,,
0.927394,0.459336,0.584187,,,
0.932301,0.454738,0.58053,,,
0.937234,0.450138,0.576891,,,
0.942193,0.445541,0.573264,,,
0.947178,0.440952,0.569642,,,
0.95219,0.436379,0.566021,,,
0.957229,0.431828,0.562397,,,
0.962294,0.427303,0.558765,,,
0.967385,0.422811,0.555123,,,
0.972504,0.418358,0.551469,,,
0.97765,0.413949,0.5478,,,
0.982823,0.409589,0.544115,,,
0.988023,0.405283,0.540414,,,
0.993251,0.401036,0.536697,,,
0.998507,0.396853,0.532964,,,
1.00379,0.392736,0.529216,0.363959,,
1.0091,0.38869,0.525453,0.361127,,
1.01444,0.384718,0.521678,0.358318,,
1.01981,0.380821,0.517891,0.35553,,
1.02521,0.377002,0.514095,0.352764,,
1.03063,0.373263,0.510292,0.35002,,
1.03608,0.369603,0.506484,0.347296,,
1.04157,0.366023,0.502674,0.344594,,
1.04708,0.362522,0.498864,0.341914,,
1.05262,0.359098,0.495057,0.339254,,
1.05819,0.35575,0.491254,0.336614,,
1.06379,0.352472,0.48746,0.333995,,
1.06941,0.349262,0.483675,0.331397,,
1.07507,0.346113,0.479903,0.328819,,
1.08076,0.34302,0.476144,0.32626,,
1.08648,0.339975,0.472401,0.323722,,
1.09223,0.336968,0.468675,0.321204,,
1.09801,0.333992,0.464967,0.318705,,
1.10382,0.331036,0.461281,0.316225,,
1.10966,0.328106,0.457623,0.313765,,
1.11553,0.325202,0.453996,0.311324,,
1.12143,0.322323,0.450398,0.308902,,
1.12737,0.319471,0.44683,0.306499,,
1.13333,0.316643,0.443292,0.304114,,
1.13933,0.31384,0.439782,0.301748,,
1.14536,0.311062,0.436301,0.299401,,
1.15142,0.308309,0.432848,0.297071,,
1.15751,0.30558,0.429424,0.29476,,
1.16364,0.302876,0.426028,0.292467,,
1.16979,0.300195,0.422659,0.290192,,
1.17598,0.297538,0.419319,0.287934,,
1.18221,0.294904,0.416005,0.285694,,
1.18846,0.292294,0.412719,0.283471,,
1.19475,0.289707,0.409459,0.281266,,
1.20107,0.287143,0.406226,0.279078,,
1.20743,0.284601,0.40302,0.276907,,
1.21382,0.282082,0.39984,0.274752,,
1.22024,0.279586,0.396686,0.272615,,
1.22669,0.277111,0.393557,0.270494,,
1.23319,0.274658,0.390454,0.26839,,
1.23971,0.272227,0.387377,0.266302,,
1.24627,0.269818,0.384324,0.26423,0.302,
1.25286,0.26743,0.381297,0.262174,0.298785,
1.25949,0.265063,0.378294,0.260135,0.295587,
1.26616,0.262717,0.375316,0.258111,0.292407,
1.27286,0.260391,0.372362,0.256103,0.289242,
1.27959,0.258086,0.369432,0.25411,0.286095,
1.28636,0.255802,0.366526,0.252133,0.282964,0.363915
1.29317,0.253538,0.363643,0.250172,0.27985,0.360564
1.30001,0.251294,0.360784,0.248226,0.276752,0.357231
1.30689,0.24907,0.357949,0.246295,0.27367,0.353915
1.31381,0.246865,0.355136,0.244378,0.270604,0.350616
1.32076,0.24468,0.352347,0.242477,0.267555,0.347335
1.32775,0.242515,0.34958,0.240591,0.264522,0.344071
1.33477,0.240368,0.346836,0.238719,0.261504,0.340824
1.34184,0.238241,0.344114,0.236862,0.258589,0.337595
1.34894,0.236132,0.341414,0.235019,0.255936,0.334382
1.35607,0.234042,0.338736,0.233191,0.253297,0.331186
1.36325,0.231971,0.33608,0.231377,0.250671,0.328007
1.37046,0.229917,0.333446,0.229577,0.248059,0.324845
1.37771,0.227882,0.330833,0.227791,0.245461,0.3217
1.385,0.225866,0.328241,0.226019,0.242877,0.318571
1.39233,0.223866,0.32567,0.22426,0.240306,0.315458
1.3997,0.221885,0.32312,0.222516,0.237749,0.312362
1.40711,0.219921,0.320591,0.220785,0.235206,0.309282
1.41455,0.217975,0.318083,0.219067,0.232675,0.306218
1.42204,0.216045,0.315594,0.217363,0.230158,0.303171
1.42956,0.214133,0.313126,0.215672,0.227655,0.300139
1.43712,0.212238,0.310678,0.213994,0.225164,0.297124
1.44473,0.210359,0.30825,0.212329,0.222852,0.294124
1.45237,0.208498,0.305842,0.210678,0.220653,0.29114
1.46006,0.206652,0.303453,0.209039,0.218466,0.288172
1.46778,0.204823,0.301083,0.207412,0.21629,0.28522
1.47555,0.20301,0.298733,0.205799,0.214126,0.282283
1.48336,0.201214,0.296402,0.204198,0.211973,0.279361
1.49121,0.199433,0.294089,0.202609,0.209832,0.276455
1.4991,0.197668,0.291796,0.201033,0.207701,0.273564
1.50703,0.195918,0.289521,0.199469,0.205582,0.270689
1.515,0.194184,0.287264,0.197918,0.203474,0.267828
1.52302,0.192465,0.285026,0.196378,0.201377,0.264983
1.53108,0.190762,0.282805,0.19485,0.199292,0.262152
1.53918,0.189074,0.280603,0.193334,0.197217,0.259337
1.54732,0.1874,0.278419,0.19183,0.195321,0.256536
1.55551,0.185742,0.276252,0.190338,0.193455,0.25375
1.56374,0.184098,0.274103,0.188857,0.191598,0.250978
1.57202,0.182468,0.271971,0.187388,0.189751,0.248222
1.58033,0.180853,0.269856,0.185931,0.187913,0.245479
1.5887,0.179253,0.267758,0.184484,0.186085,0.242752
1.5971,0.177666,0.265678,0.183049,0.184267,0.240038
1.60555,0.176094,0.263614,0.181625,0.182459,0.237339
1.61405,0.174535,0.261567,0.180212,0.18066,0.234654
1.62259,0.17299,0.259536,0.17881,0.17887,0.231983
1.63118,0.171459,0.257522,0.177419,0.17709,0.229326
1.63981,0.169942,0.255524,0.176039,0.175319,0.226684
1.64848,0.168438,0.253542,0.17467,0.173705,0.224055
1.65721,0.166947,0.251576,0.173311,0.172103,0.22144
1.66597,0.16547,0.249626,0.171963,0.17051,0.218838
1.67479,0.164005,0.247691,0.170625,0.168924,0.216251
1.68365,0.162554,0.245773,0.169298,0.167347,0.213677
1.69256,0.161115,0.243869,0.167981,0.165779,0.211117
1.70152,0.159689,0.241981,0.166674,0.164218,0.20857
1.71052,0.158276,0.240108,0.165378,0.162666,0.206036
1.71957,0.156875,0.238251,0.164091,0.161122,0.203516
1.72867,0.155487,0.236408,0.162815,0.159586,0.201009
1.73782,0.15411,0.23458,0.161548,0.158058,0.198567
1.74701,0.152747,0.232767,0.160292,0.156629,0.196349
1.75626,0.151395,0.230968,0.159045,0.155235,0.194142
1.76555,0.150055,0.229184,0.157808,0.153849,0.191946
1.77489,0.148727,0.227414,0.15658,0.15247,0.189762
1.78428,0.147411,0.225659,0.155362,0.151098,0.18759
1.79372,0.146106,0.223917,0.154154,0.149734,0.185429
1.80321,0.144813,0.22219,0.152955,0.148376,0.18328
1.81276,0.143531,0.220476,0.151765,0.147026,0.181142
1.82235,0.142261,0.218776,0.150585,0.145683,0.179015
1.83199,0.141002,0.21709,0.149413,0.144347,0.176899
1.84168,0.139754,0.215417,0.148251,0.143033,0.174794
1.85143,0.138517,0.213758,0.147098,0.141799,0.172701
1.86123,0.137292,0.212112,0.145954,0.140572,0.170618
1.87107,0.136077,0.210479,0.144819,0.139351,0.168547
1.88097,0.134872,0.208859,0.143692,0.138136,0.166486
1.89093,0.133679,0.207253,0.142575,0.136928,0.164436
1.90093,0.132496,0.205659,0.141466,0.135726,0.162397
1.91099,0.131323,0.204078,0.140365,0.134531,0.160369
1.9211,0.130161,0.202509,0.139274,0.133341,0.158351
1.93127,0.129007,0.200951,0.13819,0.132158,0.156344
1.94149,0.127861,0.199404,0.137116,0.130995,0.154348
1.95176,0.126724,0.197867,0.136049,0.129913,0.152362
1.96209,0.125595,0.196341,0.134991,0.128837,0.150387
1.97247,0.124475,0.194826,0.133941,0.127767,0.148422
1.98291,0.123363,0.193321,0.132899,0.126703,0.146467
1.9934,0.122259,0.191827,0.131866,0.125644,0.144523
2.00395,0.121164,0.190343,0.13084,0.12459,0.142588
2.01455,0.120077,0.188869,0.129823,0.123542,0.140664
2.02521,0.118997,0.187406,0.128813,0.1225,0.13875
2.03593,0.117926,0.185953,0.127811,0.121463,0.136847
2.0467,0.116863,0.18451,0.126817,0.120468,0.134953
2.05753,0.115809,0.183078,0.125831,0.1195,0.133069
2.06841,0.114762,0.181655,0.124852,0.118537,0.131195
2.07936,0.113723,0.180243,0.123881,0.117579,0.129331
2.09036,0.112692,0.178841,0.122918,0.116626,0.127477
2.10142,0.111669,0.177448,0.121962,0.115678,0.125632
2.11254,0.110654,0.176066,0.121014,0.114735,0.123798
2.12372,0.109647,0.174693,0.120073,0.113797,0.121973
2.13496,0.108647,0.173331,0.119139,0.112864,0.120157
2.14625,0.107655,0.171978,0.118212,0.111966,0.118351
2.15761,0.106671,0.170635,0.117293,0.111097,0.116555
2.16903,0.105695,0.169301,0.116381,0.110232,0.114996
2.1805,0.104726,0.167978,0.115476,0.109372,0.114078
2.19204,0.103766,0.166663,0.114578,0.108517,0.113164
2.20364,0.102812,0.165359,0.113687,0.107666,0.112256
2.2153,0.101866,0.164064,0.112803,0.10682,0.111352
2.22702,0.100928,0.162778,0.111926,0.105978,0.110453
2.23881,0.0999973,0.161502,0.111056,0.10514,0.109559
2.25065,0.099074,0.160235,0.110192,0.104349,0.108669
2.26256,0.0981581,0.158978,0.109336,0.103566,0.107784
2.27453,0.0972496,0.15773,0.108485,0.102788,0.106904
2.28657,0.0963485,0.156491,0.107642,0.102014,0.106029
2.29867,0.0954548,0.155262,0.106805,0.101243,0.105158
2.31083,0.0945684,0.154041,0.105975,0.100477,0.104291
2.32306,0.0936892,0.15283,0.105151,0.0997149,0.103429
2.33535,0.0928173,0.151628,0.104333,0.0989567,0.102572
2.34771,0.0919526,0.150435,0.103522,0.0982324,0.101719
2.36013,0.0910951,0.149251,0.102717,0.0975299,0.100871
2.37262,0.0902448,0.148076,0.101919,0.0968311,0.100027
2.38517,0.0894016,0.14691,0.101127,0.096136,0.0991877
2.39779,0.0885655,0.145752,0.10034,0.0954445,0.0983527
2.41048,0.0877364,0.144604,0.0995605,0.0947567,0.0975221
2.42324,0.0869144,0.143465,0.0987866,0.0940725,0.0966959
2.43606,0.0860994,0.142334,0.0980187,0.0933918,0.095874
2.44895,0.0852914,0.141212,0.0972568,0.0927267,0.0950565
2.46191,0.0844904,0.140099,0.0965009,0.0920703,0.0942433
2.47493,0.0836963,0.138994,0.0957508,0.0914173,0.0934343
2.48803,0.082909,0.137898,0.0950066,0.0907678,0.0926296
2.50119,0.0821287,0.136811,0.0942682,0.0901216,0.0918292
2.51443,0.0813551,0.135732,0.0935356,0.0894789,0.0910329
2.52773,0.0805884,0.134661,0.0928087,0.0888396,0.0902409
2.54111,0.0798285,0.1336,0.0920874,0.0882071,0.089453
2.55455,0.0790753,0.132546,0.0913718,0.0876159,0.0886693
2.56807,0.0783289,0.131501,0.0906617,0.0870279,0.0878896
2.58166,0.0775891,0.130464,0.0899572,0.086443,0.0871141
2.59532,0.076856,0.129436,0.0892582,0.0858611,0.0863427
2.60905,0.0761296,0.128416,0.0885647,0.0852823,0.0855753
2.62286,0.0754098,0.127404,0.0878765,0.0847066,0.084812
2.63673,0.0746966,0.126401,0.0871938,0.0841339,0.0833274
2.65069,0.0739899,0.125405,0.0865163,0.0835793,0.0817181
2.66471,0.0732898,0.124418,0.0858442,0.0830324,0.0801173
2.67881,0.0725962,0.123439,0.0851773,0.0824883,0.078525
2.69299,0.071909,0.122468,0.0845156,0.081947,0.076941
2.70724,0.0712284,0.121505,0.0838591,0.0814087,0.0753653
2.72156,0.0705541,0.12055,0.0832077,0.0808731,0.0737979
2.73596,0.0698863,0.119603,0.0825614,0.0803404,0.0722388
2.75044,0.0692248,0.118664,0.0819201,0.0798299,0.0706879
2.76499,0.0685697,0.117733,0.0812839,0.0793295,0.0708491
2.77962,0.067921,0.11681,0.0806526,0.0788318,0.0728523
2.79433,0.0672785,0.115894,0.0800262,0.0783367,0.074845
2.80912,0.0666423,0.114987,0.0794048,0.0778442,0.0768272
2.82398,0.0660123,0.114087,0.0787882,0.0773543,0.0787989
2.83892,0.0653886,0.113195,0.0781764,0.0768669,0.0807603
2.85394,0.0647711,0.11231,0.0775695,0.0763976,0.0827113
2.86905,0.0641597,0.111433,0.0769672,0.075932,0.0846521
2.88423,0.0635545,0.110564,0.0763697,0.0754687,0.0859155
2.89949,0.0629554,0.109703,0.0757769,0.075008,0.0869372
2.91483,0.0623624,0.108849,0.0751887,0.0745496,0.0879536
2.93025,0.0617755,0.108002,0.074605,0.0740937,0.0889646
2.94576,0.0611946,0.107163,0.074026,0.0736416,0.0899702
2.96134,0.0606197,0.106332,0.0734515,0.0731945,0.0909706
2.97701,0.0600508,0.105507,0.0728815,0.0727497,0.0919657
2.99277,0.0594879,0.104691,0.072316,0.0723072,0.0929556
3.0086,0.058931,0.103881,0.0717549,0.0718671,0.0939403
3.02452,0.0583799,0.103079,0.0711982,0.0714293,0.0949197
3.04053,0.0578348,0.102285,0.0706458,0.0709952,0.09568
3.05661,0.0572955,0.101497,0.0700978,0.0706066,0.0944043
3.07279,0.056762,0.100717,0.0695541,0.07022,0.0931354
3.08905,0.0562344,0.0999438,0.0690146,0.0698354,0.0918731
3.10539,0.0557126,0.0991779,0.0684794,0.0694529,0.0906175
3.12182,0.0551965,0.0984191,0.0679484,0.0690723,0.0893684
3.13834,0.0546861,0.0976675,0.0674216,0.0686938,0.088126
3.15495,0.0541815,0.0969229,0.0668988,0.0683122,0.0868901
3.17164,0.0536826,0.0961853,0.0663802,0.067932,0.0856607
3.18842,0.0531893,0.0954547,0.0658657,0.0675538,0.0844377
3.20529,0.0527017,0.0947311,0.0653552,0.0671776,0.0832212
3.22225,0.0522197,0.0940144,0.0648488,0.0668033,0.0820111
3.2393,0.0517433,0.0933046,0.0643463,0.0664311,0.0808074
3.25644,0.0512724,0.0926017,0.0638478,0.066076,0.07961
3.27368,0.0508071,0.0919056,0.0633531,0.0657233,0.0784189
3.291,0.0503473,0.0912163,0.0628624,0.0653726,0.0772341
3.30841,0.0498929,0.0905338,0.0623756,0.0650237,0.076193
3.32592,0.0494441,0.089858,0.0618926,0.0646766,0.0752298
3.34352,0.0490006,0.0891889,0.0614134,0.0643311,0.0742716
3.36121,0.0485626,0.0885264,0.060938,0.0639867,0.0733185
3.37899,0.0481299,0.0878707,0.0604663,0.0636442,0.0723703
3.39687,0.0477026,0.0872215,0.0599984,0.0633034,0.0714272
3.41485,0.0472807,0.0865788,0.0595341,0.0629644,0.070489
3.43291,0.046864,0.0859428,0.0590736,0.0626273,0.0695558
3.45108,0.0464526,0.0853132,0.0586166,0.0623178,0.0686275
3.46934,0.0460465,0.08469,0.0581633,0.0620266,0.0677041
3.4877,0.0456456,0.0840734,0.0577136,0.0617369,0.0667855
3.50615,0.0452499,0.0834631,0.0572674,0.0614487,0.0658718
3.5247,0.0448593,0.0828592,0.0568248,0.0611621,0.0649628
3.54335,0.0444739,0.0822616,0.0563857,0.060874,0.0640587
3.5621,0.0440936,0.0816703,0.0559501,0.0605738,0.0631593
3.58095,0.0437184,0.0810853,0.0555179,0.0602753,0.0622647
3.5999,0.0433483,0.0805065,0.0550892,0.0599783,0.0613747
3.61895,0.0429832,0.0799339,0.0546639,0.0596829,0.0604895
3.6381,0.042623,0.0793675,0.054242,0.059389,0.0596089
3.65735,0.0422679,0.0788072,0.0538234,0.0591017,0.0587329
3.6767,0.0419177,0.078253,0.0534082,0.0588165,0.0578616
3.69615,0.0415725,0.0777049,0.0529963,0.0585327,0.0569948
3.71571,0.0412321,0.0771627,0.0525876,0.0582504,0.0561326
3.73537,0.0408966,0.0766266,0.0521823,0.0579697,0.0552749
3.75514,0.040566,0.0760965,0.0517802,0.0577133,0.0550744
3.77501,0.0402401,0.0755722,0.0513813,0.0574653,0.0550744
3.79498,0.039919,0.0750539,0.0509856,0.0572186,0.0550744
3.81506,0.0396027,0.0745414,0.0505931,0.0569732,0.0550744
3.83525,0.0392911,0.0740347,0.0502038,0.0567291,0.0542038
3.85554,0.0389842,0.0735337,0.0498175,0.0564941,0.0531269
3.87594,0.0386819,0.0730386,0.0494344,0.0562628,0.0520556
3.89645,0.0383843,0.0725491,0.0490544,0.0560327,0.05099
3.91707,0.0380912,0.0720653,0.0486775,0.0558038,0.0501803
3.9378,0.0378028,0.0715872,0.0483036,0.0555761,0.0496371
3.95863,0.0375189,0.0711146,0.0479328,0.055339,0.0490968
3.97958,0.0372394,0.0706476,0.0475649,0.055102,0.0485593
4.00064,0.0369645,0.0701861,0.0472001,0.0548662,0.0480247
4.0218,0.036694,0.0697301,0.0468382,0.0546316,0.0474928
4.04309,0.0364279,0.0692796,0.0464793,0.0544002,0.0469638
4.06448,0.0361662,0.0688344,0.0461233,0.0541807,0.0468973
4.08598,0.0359089,0.0683947,0.0457702,0.0539623,0.0471597
4.10761,0.0356558,0.0679602,0.04542,0.0537452,0.0474207
4.12934,0.0354071,0.0675311,0.0450727,0.0535291,0.0476804
4.15119,0.0351625,0.0671072,0.0447283,0.0533216,0.0479387
4.17315,0.0349223,0.0666886,0.0443867,0.0531222,0.0481956
4.19524,0.0346862,0.0662751,0.0440479,0.0529238,0.0484511
4.21743,0.0344542,0.0658668,0.0437119,0.0527265,0.0487054
4.23975,0.0342264,0.0654635,0.0433788,0.0525302,0.0489582
4.26218,0.0340026,0.0650654,0.0430484,0.0523256,0.0492098
4.28474,0.0337829,0.0646722,0.0427207,0.052122,0.04946
4.30741,0.0335672,0.064284,0.0423959,0.0519194,0.0497089
4.3302,0.0333554,0.0639008,0.0420737,0.051718,0.0499565
4.35311,0.0331477,0.0635224,0.0417543,0.0515271,0.0502028
4.37615,0.0329438,0.063149,0.0414375,0.0513445,0.0504452
4.3993,0.0327438,0.0627803,0.0411235,0.0511628,0.0502791
4.42258,0.0325476,0.0624164,0.0408121,0.050982,0.0501139
4.44598,0.0323552,0.0620572,0.0405034,0.0508001,0.0499495
4.46951,0.0321666,0.0617028,0.0401973,0.050613,0.049786
4.49316,0.0319817,0.0613529,0.0398939,0.0504269,0.0496234
4.51693,0.0318004,0.0610077,0.0395931,0.0502418,0.0494616
4.54083,0.0316228,0.060667,0.0392949,0.0500583,0.0493007
4.56486,0.0314489,0.0603309,0.0389993,0.0498942,0.0491406
4.58901,0.0312785,0.0599992,0.0387063,0.049731,0.0489813
4.61329,0.0311116,0.059672,0.0384159,0.0495686,0.0488229
4.6377,0.0309482,0.0593491,0.038128,0.0494071,0.0486654
4.66224,0.0307882,0.0590306,0.0378427,0.0492654,0.0485086
4.68691,0.0306317,0.0587164,0.0375599,0.0491263,0.0483527
4.71171,0.0304785,0.0584064,0.0372797,0.048988,0.0481976
4.73665,0.0303287,0.0581006,0.037002,0.0488504,0.0480433
4.76171,0.0301821,0.057799,0.0367269,0.0487084,0.0478899
4.7869,0.0300388,0.0575015,0.0364543,0.0485664,0.0477372
4.81223,0.0298987,0.057208,0.0361841,0.0484252,0.0475854
4.8377,0.0297618,0.0569186,0.0359165,0.0482846,0.0474343
4.86329,0.029628,0.0566332,0.0356514,0.0481395,0.0472841
4.88903,0.0294972,0.0563516,0.0353888,0.0479946,0.0471346
4.9149,0.0293695,0.056074,0.0351287,0.0478504,0.0469859
4.9409,0.0292448,0.0558002,0.034871,0.0477068,0.046838
4.96705,0.0291231,0.0555301,0.0346159,0.0475583,0.0466909
4.99333,0.0290042,0.0552638,0.0343632,0.0474106,0.0465445
5.01975,0.0288882,0.0550012,0.0341131,0.0472636,0.046399
5.04631,0.028775,0.0547422,0.0338654,0.0471232,0.0462541
5.07301,0.0286646,0.0544868,0.0336202,0.0470022,0.0461101
5.09986,0.0285569,0.054235,0.0333774,0.0468817,0.0459668
5.12684,0.0284519,0.0539866,0.0331372,0.046762,0.0458243
5.15397,0.0283496,0.0537417,0.0328995,0.0466404,0.0459065
5.18124,0.0282498,0.0535001,0.0326642,0.0465172,0.0459983
5.20866,0.0281526,0.0532619,0.0324315,0.0463946,0.0460896
5.23622,0.0280579,0.053027,0.0322012,0.0462726,0.0461804
5.26392,0.0279657,0.0527954,0.0319735,0.0461745,0.0462708
5.29178,0.0278758,0.0525669,0.0317483,0.0460804,0.0463606
5.31978,0.0277884,0.0523416,0.0315257,0.0459869,0.04645
5.34792,0.0277032,0.0521193,0.0313056,0.0458839,0.046539
5.37622,0.0276204,0.0519001,0.031088,0.0457558,0.0466274
5.40467,0.0275397,0.0516839,0.030873,0.0456284,0.0467154
5.43327,0.0274613,0.0514707,0.0306606,0.0455016,0.046803
5.46202,0.027385,0.0512603,0.0304508,0.045397,0.04689
5.49092,0.0273108,0.0510528,0.0302436,0.0452994,0.0469766
5.51997,0.0272387,0.0508481,0.0300391,0.0452023,0.0470628
5.54918,0.0271685,0.0506461,0.0298372,0.0451047,0.0471485
5.57854,0.0271003,0.0504469,0.029638,0.0450051,0.0472338
5.60806,0.0270341,0.0502503,0.0294415,0.044906,0.0473186
5.63773,0.0269697,0.0500563,0.0292477,0.0448075,0.0474029
5.66756,0.0269072,0.0498648,0.0290568,0.0447375,0.0474868
5.69755,0.0268465,0.0496759,0.0288686,0.0446701,0.0475703
5.7277,0.0267875,0.0494895,0.0286832,0.0446031,0.0476533
5.75801,0.0267302,0.0493054,0.0285008,0.0445146,0.0477359
5.78848,0.0266746,0.0491238,0.0283212,0.0444117,0.0478181
5.8191,0.0266207,0.0489445,0.0281446,0.0443093,0.0478998
5.8499,0.0265683,0.0487675,0.027971,0.0442175,0.0479811
5.88085,0.0265175,0.0485928,0.0278004,0.0441476,0.048062
5.91197,0.0264683,0.0484203,0.027633,0.044078,0.0480836
5.94325,0.0264205,0.04825,0.0274686,0.0440086,0.047702
5.9747,0.0263743,0.0480818,0.0273076,0.0439374,0.0473224
6.00631,0.0263294,0.0479157,0.0271497,0.0438666,0.0469448
6.03809,0.026286,0.0477518,0.0269953,0.0437962,0.0465691
6.07004,0.026244,0.0475899,0.0268442,0.0437239,0.0461955
6.10216,0.0262033,0.0474301,0.0266967,0.0436519,0.0458238
6.13445,0.026164,0.0472722,0.0265527,0.0435802,0.0454541
6.16691,0.026126,0.0471164,0.0264124,0.043507,0.0450864
6.19954,0.0260893,0.0469625,0.0262759,0.0434338,0.0447205
6.23234,0.026054,0.0468106,0.0261432,0.0433609,0.0443566
6.26532,0.02602,0.0466607,0.0260145,0.0433153,0.0439946
6.29847,0.0259872,0.0465127,0.0258898,0.0432781,0.0436345
6.3318,0.0259558,0.0463666,0.0257694,0.0432411,0.0432764
6.3653,0.0259257,0.0462226,0.0256532,0.0431747,0.04292
6.39898,0.0258969,0.0460804,0.0255416,0.043099,0.0425656
6.43284,0.0258694,0.0459403,0.0254345,0.0430238,0.0422131
6.46688,0.0258434,0.0458022,0.0253322,0.0429776,0.0418623
6.5011,0.0258187,0.0456661,0.0252348,0.0429392,0.0415135
6.5355,0.0257955,0.0455321,0.0251426,0.042901,0.0411665
6.57008,0.0257738,0.0454001,0.0250556,0.042862,0.0408213
6.60484,0.0257536,0.0452704,0.0249741,0.042823,0.0404779
6.63979,0.0257351,0.0451429,0.0248983,0.0427842,0.0401363
6.67492,0.0257183,0.0450177,0.0248284,0.0427445,0.0397965
6.71024,0.0257034,0.0448951,0.0247647,0.042705,0.0394585
6.74575,0.0256925,0.044777,0.0247074,0.0426655,0.0391223
6.78144,0.0256862,0.0446642,0.0246568,0.0426252,0.038855
6.81733,0.025685,0.0445569,0.0246132,0.0425851,0.0387758
6.8534,0.0256889,0.0444555,0.024577,0.0425448,0.038697
6.88966,0.0256983,0.0443601,0.0245484,0.042504,0.0386186
6.92612,0.0257136,0.0442712,0.0245278,0.0424634,0.0385406
6.96277,0.025735,0.044189,0.0245155,0.0424222,0.038463
6.99961,0.0257629,0.0441138,0.0245121,0.0423809,0.0383858
7.03665,0.0257976,0.0440461,0.024518,0.0423397,0.0383091
7.07388,0.0258397,0.0439863,0.0245335,0.042336,0.0382327
7.11131,0.0258894,0.0439347,0.0245593,0.042336,0.0381568
7.14894,0.0259474,0.0438919,0.0245958,0.0423259,0.0380812
7.18676,0.0260141,0.0438584,0.0246436,0.0422832,0.038006
7.22479,0.02609,0.0438346,0.0247034,0.0422408,0.0379313
7.26302,0.0261757,0.0438213,0.0247759,0.042224,0.0378569
7.30145,0.0262718,0.0438189,0.0248616,0.042224,0.0377829
7.34009,0.0263791,0.0438282,0.0249614,0.0422239,0.0377093
7.37892,0.0264982,0.0438499,0.0250761,0.04218,0.0376361
7.41797,0.02663,0.0438848,0.0252066,0.0421364,0.0375633
7.45722,0.0267753,0.0439337,0.0253538,0.042112,0.0374909
7.49668,0.0269349,0.0439976,0.0255187,0.042112,0.036676
7.53635,0.02711,0.0440773,0.0257023,0.042112,0.0383979
7.57622,0.0273014,0.0441741,0.0259059,0.042112,0.0405086
7.61631,0.0275105,0.044289,0.0261307,0.042112,0.0426081
7.65661,0.0277384,0.0444232,0.026378,0.042112,0.0446967
7.69712,0.0279865,0.0445781,0.0266492,0.042112,0.0467742
7.73785,0.0282562,0.0447552,0.0269458,0.042112,0.0488408
7.7788,0.0285491,0.044956,0.0272695,0.042112,0.0508965
7.81996,0.0288669,0.0451821,0.027622,0.042112,0.0529414
7.86133,0.0292114,0.0454355,0.0280051,0.042112,0.0549756
7.90293,0.0295845,0.045718,0.0284208,0.042112,0.056999
7.94475,0.0299884,0.0460319,0.0288712,0.042217,0.0590118
7.98679,0.0304254,0.0463793,0.0293586,0.0431416,0.061014
8,0.0305695,0.0464954,0.0295193,0.0434303,0.061639
8.025,0.0308512,0.0467244,0.0298332,0.0439737,0.0628158
8.02905,0.0308979,0.0467627,0.0298853,0.0440614,0.0630056
8.05,0.0311452,0.0469661,0.0301607,0.0445138,0.0639854
8.07153,0.0314086,0.0471848,0.0304538,0.0449763,0.0649868
8.075,0.0314519,0.047221,0.030502,0.0450506,0.0651476
8.1,0.0317719,0.0474893,0.0308576,0.045584,0.0663028
8.11424,0.0319603,0.0476484,0.0310667,0.0459225,0.0669575
8.125,0.0321056,0.0477717,0.0312279,0.0461774,0.0674508
8.15,0.0324535,0.0480686,0.0316134,0.0467672,0.0685917
8.15717,0.032556,0.0481565,0.0317269,0.0469358,0.0689179
8.175,0.032816,0.0483805,0.0320144,0.0473534,0.0697257
8.2,0.0331938,0.0487079,0.0324314,0.047936,0.0708528
8.20034,0.033199,0.0487124,0.0324371,0.0479444,0.0708679
8.225,0.0335873,0.0490514,0.0328648,0.0485576,0.071973
8.24373,0.0338928,0.0493196,0.0332004,0.0490208,0.0728077
8.25,0.0339972,0.0494115,0.033315,0.0491755,0.0730864
8.275,0.0344238,0.0497888,0.0337825,0.0497896,0.0741931
8.28735,0.0346409,0.0499816,0.03402,0.0500915,0.0747373
8.3,0.0348679,0.0501837,0.0342678,0.0504,0.0752932
8.325,0.0353299,0.050597,0.0347712,0.0511063,0.0763866
8.3312,0.0354473,0.0507023,0.0348989,0.0512808,0.0766567
8.35,0.0358105,0.0510291,0.0352932,0.0518084,0.0774735
8.375,0.0363103,0.0514806,0.0358341,0.0525063,0.0785539
8.37528,0.036316,0.0514858,0.0358403,0.0525141,0.078566
8.4,0.0368298,0.0519522,0.0363945,0.0532,0.0796278
8.4196,0.0372512,0.0523363,0.0368476,0.0538869,0.0804653
8.425,0.0373696,0.0524445,0.0369747,0.0540757,0.0806954
8.45,0.0379304,0.0529579,0.037575,0.0549463,0.0817567
8.46415,0.0382572,0.0532581,0.0379238,0.0554367,0.0823546
8.475,0.0385127,0.0534932,0.0381958,0.0558117,0.0828117
8.5,0.039117,0.0540508,0.0388375,0.056672,0.0838605
8.50894,0.0393385,0.0542556,0.0390719,0.0570361,0.0842339
8.525,0.0397441,0.0546314,0.0395003,0.0576889,0.0849032
8.55,0.0403944,0.0552355,0.0401845,0.0586998,0.0859397
8.55396,0.0404995,0.0553333,0.0402949,0.0588593,0.0861033
8.575,0.0410684,0.0558636,0.0408904,0.0597048,0.0869702
8.59922,0.0417445,0.0564955,0.0415951,0.0606729,0.0879629
8.6,0.0417666,0.0565162,0.0416181,0.060704,0.0879948
8.625,0.0424896,0.0571939,0.0423678,0.0618337,0.0890133
8.64472,0.0430777,0.0577463,0.0429747,0.0627203,0.0898127
8.65,0.0432378,0.0578969,0.0431395,0.0629569,0.090026
8.675,0.0440114,0.0586258,0.0439332,0.0640737,0.0910329
8.69046,0.0445029,0.0590896,0.0444352,0.0647612,0.0916528
8.7,0.0448109,0.0593807,0.0447489,0.065184,0.092034
8.725,0.0456366,0.060162,0.0455865,0.0663136,0.0930293
8.73645,0.0460234,0.0605287,0.0459773,0.0668287,0.0934832
8.75,0.0464885,0.0609699,0.0464457,0.0674368,0.0940189
8.775,0.0473668,0.0618045,0.0473263,0.0685536,0.0942235
8.78267,0.0476417,0.062066,0.0476008,0.0688951,0.0941267
8.8,0.0482714,0.0626656,0.0482277,0.069664,0.0939087
8.825,0.0492024,0.0635533,0.0491496,0.0708218,0.0935957
8.82915,0.0493593,0.0637031,0.0493044,0.0710132,0.093544
8.85,0.0501594,0.0644673,0.0500912,0.071973,0.0932845
8.875,0.051142,0.0654071,0.0510519,0.0731177,0.0929751
8.87586,0.0511764,0.0654401,0.0510854,0.0731572,0.0929644
8.9,0.0521498,0.0663724,0.0520306,0.074256,0.0926673
8.92283,0.0530914,0.0672755,0.0529394,0.0753908,0.0923878
8.925,0.053182,0.0673624,0.0530265,0.0754984,0.0923613
8.95,0.0542378,0.0683762,0.0540382,0.0767338,0.092057
8.97004,0.0551007,0.0692055,0.05486,0.0777193,0.0918143
8.975,0.0553162,0.0694128,0.0550646,0.0779623,0.0917544
9,0.0564159,0.070471,0.0561041,0.079184,0.0914535
9.01751,0.0571979,0.071224,0.0568389,0.0801733,0.0912438
9.025,0.0575355,0.0715492,0.0571551,0.0805956,0.0911543
9.05,0.0586732,0.0726458,0.0582157,0.0819995,0.0908567
9.06522,0.0593739,0.0733217,0.0588654,0.0828504,0.0906763
9.075,0.0598271,0.0737589,0.059284,0.0833956,0.0905607
9.1,0.060995,0.0748862,0.060358,0.084784,0.0902664
9.11319,0.0616159,0.0754858,0.060926,0.0856339,0.0901118
9.125,0.0621745,0.0760254,0.0614352,0.0863931,0.0899737
9.15,0.063363,0.0771737,0.0625132,0.0879934,0.0896826
9.16141,0.0639076,0.0777,0.0630048,0.0887208,0.0895502
9.175,0.0645575,0.0783283,0.0635895,0.089585,0.089393
9.2,0.0657548,0.0794859,0.0646613,0.091168,0.0891051
9.20988,0.0662282,0.0799436,0.0650832,0.0918164,0.0889917
9.225,0.0669515,0.0806431,0.0657257,0.0928052,0.0888187
9.25,0.0681439,0.0817962,0.0667798,0.0944336,0.0885338
9.25862,0.0685532,0.082192,0.0671401,0.0949928,0.088436
9.275,0.0693281,0.0829414,0.0678204,0.0960531,0.0882505
9.3,0.0705002,0.0840747,0.0688444,0.097664,0.0879687
9.30761,0.0708538,0.0844165,0.0691522,0.0980512,0.0878833
9.325,0.0716558,0.0851917,0.0698486,0.0989341,0.0876885
9.35,0.0727906,0.0862881,0.0708298,0.100197,0.0874097
9.35686,0.0730977,0.0865846,0.0710944,0.100543,0.0873335
9.375,0.0739002,0.0873595,0.0717845,0.101454,0.0871324
9.4,0.07498,0.0884013,0.0727097,0.102704,0.0868566
9.40637,0.0752496,0.0886613,0.0729402,0.102913,0.0867865
9.425,0.0760254,0.089409,0.0736021,0.103522,0.0865822
9.45,0.0770321,0.090378,0.0744585,0.104337,0.0863093
9.45614,0.0772728,0.0906096,0.074663,0.104536,0.0862425
9.475,0.0779955,0.0913041,0.075276,0.105146,0.0860378
9.5,0.0789114,0.0921829,0.0760517,0.105952,0.0857678
9.50617,0.0791299,0.0923922,0.0762365,0.106134,0.0857013
9.525,0.0797758,0.0930103,0.0767828,0.106686,0.0854992
9.55,0.0805848,0.0937826,0.0774668,0.107416,0.085232
9.55647,0.0807848,0.0939731,0.077636,0.107604,0.085163
9.575,0.0813348,0.094496,0.0781014,0.108142,0.0849662
9.6,0.0820227,0.0951475,0.0786846,0.108864,0.0847017
9.60704,0.0822048,0.0953194,0.0788393,0.109055,0.0846275
9.625,0.0826456,0.0957342,0.0792144,0.109541,0.0844387
9.65,0.083201,0.0962537,0.0796894,0.110215,0.084177
9.65787,0.0833617,0.0964031,0.0798275,0.110426,0.0840948
9.675,0.0836871,0.096704,0.0801083,0.110885,0.0839166
9.7,0.0841023,0.0970836,0.0804702,0.111552,0.0836576
9.70898,0.0842339,0.0972025,0.0805861,0.111653,0.083565
9.725,0.0844456,0.0973915,0.0807744,0.111834,0.0834
9.75,0.0847164,0.0976271,0.0810206,0.112115,0.0831436
9.76035,0.0848073,0.0977034,0.0811055,0.112231,0.0830379
9.775,0.0849146,0.0977903,0.0812087,0.112394,0.0828886
9.8,0.0850408,0.0978816,0.0813392,0.112672,0.0826349
9.812,0.085076,0.0979001,0.0813814,0.112591,0.0825136
9.825,0.0850957,0.0979019,0.0814124,0.112503,0.0823824
9.85,0.0850807,0.0978523,0.0814292,0.112334,0.0821312
9.86391,0.0850426,0.0977952,0.0814146,0.112241,0.081992
9.875,0.0849974,0.0977348,0.0813908,0.112167,0.0818814
9.9,0.084848,0.0975513,0.0812985,0.112,0.0816327
9.91611,0.0847178,0.0973992,0.0812112,0.111691,0.0814732
9.925,0.0846349,0.0973042,0.0811539,0.11152,0.0813854
9.95,0.0843607,0.0969962,0.0809586,0.111043,0.0811392
9.96858,0.0841191,0.0967297,0.0807819,0.11069,0.0809571
9.975,0.0840284,0.0966303,0.0807148,0.110568,0.0808943
10,0.0836411,0.0962096,0.0804243,0.110096,0.0806506
10.0213,0.0832699,0.09581,0.0801415,0.109566,0.0804438
10.025,0.0832022,0.0957375,0.0800896,0.109475,0.0804082
10.05,0.0827151,0.0952173,0.0797128,0.108858,0.0801669
10.0743,0.0821977,0.0946678,0.0793077,0.108259,0.0799331
10.075,0.0821833,0.0946526,0.0792964,0.108243,0.0799269
10.1,0.0816103,0.0940468,0.0788429,0.107632,0.079688
10.125,0.0809996,0.0934036,0.0783546,0.106983,0.0794503
10.1277,0.0809327,0.0933332,0.0783008,0.106914,0.0794251
10.15,0.0803548,0.0927263,0.0778342,0.106338,0.0792138
10.175,0.0796793,0.0920186,0.0772841,0.105695,0.0789785
10.1812,0.0795062,0.0918374,0.0771423,0.105535,0.0789198
10.2,0.0789765,0.0912836,0.0767068,0.105056,0.0787443
10.225,0.0782495,0.0905248,0.0761046,0.104379,0.0785112
10.2351,0.0779493,0.0902117,0.0758545,0.104106,0.0784172
10.25,0.0775017,0.0897452,0.0754801,0.103705,0.0782793
10.275,0.0767359,0.0889478,0.0748355,0.103035,0.0780485
10.2893,0.0762918,0.0884857,0.0744592,0.102654,0.0779172
10.3,0.0759551,0.0881356,0.074173,0.102368,0.0778188
10.325,0.0751619,0.0873111,0.0734948,0.101663,0.0775903
10.3437,0.0745614,0.0866873,0.072978,0.101137,0.0774199
10.35,0.0743588,0.0864769,0.0728029,0.100961,0.0773628
10.375,0.0735483,0.0856354,0.0720995,0.100263,0.0771365
10.3984,0.0727833,0.0848414,0.0714307,0.099611,0.0769251
10.4,0.0727326,0.0847888,0.0713862,0.099568,0.0769112
10.425,0.0719136,0.0839392,0.0706649,0.0988912,0.076687
10.45,0.0710934,0.0830884,0.0699373,0.0982176,0.0764639
10.4535,0.0709795,0.0829703,0.0698359,0.0981243,0.076433
10.475,0.0702735,0.0822382,0.069205,0.0975472,0.0762418
10.5,0.0694557,0.0813901,0.0684693,0.09688,0.0760208
10.5088,0.0691691,0.0810929,0.0682103,0.0966617,0.0759434
10.525,0.0686413,0.0805457,0.0677318,0.0962596,0.0758009
10.55,0.0678316,0.0797061,0.0669935,0.0956422,0.075582
10.5644,0.0673682,0.0792255,0.0665688,0.0952881,0.0754565
10.575,0.0670279,0.0788725,0.0662559,0.0950276,0.0753641
10.6,0.0662311,0.0780461,0.0655198,0.094416,0.0751473
10.6203,0.0655902,0.0773813,0.0649243,0.0939581,0.0749721
10.625,0.0654422,0.0772277,0.0647864,0.093852,0.0749315
10.65,0.0646619,0.0764181,0.0640565,0.0932907,0.0747167
10.675,0.0638911,0.0756181,0.0633309,0.0927321,0.0745029
10.6765,0.0638456,0.0755709,0.063288,0.092699,0.0744902
10.7,0.0631303,0.0748282,0.0626104,0.092176,0.0742901
10.725,0.06238,0.074049,0.0618958,0.0916685,0.0740783
10.733,0.0621429,0.0738027,0.061669,0.091507,0.0740109
10.75,0.0616408,0.073281,0.0611875,0.0911633,0.0738674
10.775,0.0609129,0.0725245,0.0604861,0.0906605,0.0736576
10.7898,0.0604885,0.0720831,0.0600752,0.0903646,0.0735341
10.8,0.0601968,0.0717798,0.0597922,0.09016,0.0734487
10.825,0.0594926,0.0710472,0.0591061,0.0896807,0.0732408
10.8469,0.0588868,0.0704167,0.0585128,0.0892634,0.0730598
10.85,0.0588005,0.0703269,0.0584282,0.0892036,0.0730339
10.875,0.0581208,0.069619,0.0577588,0.0887287,0.0728279
10.9,0.0574534,0.0689237,0.0570983,0.088256,0.0726228
10.9043,0.057341,0.0688066,0.0569868,0.0881743,0.072588
10.925,0.0567984,0.0682409,0.0564468,0.0877767,0.0724187
10.95,0.0561559,0.0675706,0.0558046,0.0872997,0.0722155
10.962,0.0558531,0.0672547,0.0555008,0.0870723,0.0721187
10.975,0.0555259,0.066913,0.0551717,0.0868247,0.0720133
11,0.0549082,0.0662679,0.0545484,0.086352,0.0718119
11.02,0.054424,0.0657619,0.0540577,0.0859693,0.0716519
11.025,0.0543029,0.0656353,0.0539347,0.0858728,0.0716115
11.05,0.0537098,0.065015,0.0533307,0.0853957,0.071412
11.075,0.0531289,0.064407,0.0527364,0.0849208,0.0712134
11.0783,0.0530539,0.0643285,0.0526595,0.0848589,0.0711875
11.1,0.05256,0.0638111,0.0521519,0.084448,0.0710156
11.125,0.0520029,0.0632272,0.0515772,0.0839688,0.0708188
11.1369,0.0517422,0.0629538,0.0513074,0.0837417,0.0707256
11.15,0.0514575,0.0626551,0.0510122,0.0834917,0.0706229
11.175,0.0509237,0.0620947,0.0504568,0.0830168,0.0704278
11.1958,0.0504879,0.0616369,0.0500019,0.082623,0.070266
11.2,0.0504012,0.0615458,0.0499112,0.082544,0.0702336
11.225,0.0498899,0.0610082,0.0493751,0.0820084,0.0700402
11.25,0.0493896,0.0604817,0.0488486,0.0814753,0.0698478
11.2551,0.0492898,0.0603766,0.0487433,0.0813678,0.069809
11.275,0.0489001,0.0599661,0.0483314,0.0809445,0.0696561
11.3,0.0484212,0.0594612,0.0478236,0.080416,0.0694654
11.3146,0.0481462,0.059171,0.0475312,0.0801028,0.0693543
11.325,0.0479527,0.0589668,0.0473251,0.0798805,0.0692754
11.35,0.0474943,0.0584827,0.0468356,0.0793473,0.0690863
11.3745,0.0470553,0.0580185,0.0463651,0.0788276,0.068902
11.375,0.047046,0.0580087,0.0463552,0.0788165,0.0688981
11.4,0.0466074,0.0575447,0.0458836,0.078288,0.0687106
11.425,0.0461784,0.0570903,0.0454208,0.0777525,0.068524
11.4347,0.0460151,0.0569172,0.0452442,0.0775462,0.0684521
11.45,0.0457588,0.0566454,0.0449666,0.0772194,0.0683382
11.475,0.0453484,0.0562098,0.0445209,0.0766885,0.0681532
11.4952,0.0450238,0.055865,0.0441674,0.076262,0.0680045
11.5,0.0449469,0.0557833,0.0440836,0.07616,0.067969
11.525,0.0445542,0.0553657,0.0436544,0.0756809,0.0677856
11.55,0.0441701,0.0549567,0.0432334,0.0752039,0.067603
11.556,0.0440793,0.05486,0.0431337,0.0750899,0.0675594
11.575,0.0437944,0.0545563,0.0428203,0.0747289,0.0674212
11.6,0.0434269,0.0541642,0.0424151,0.074256,0.0672402
11.6171,0.0431796,0.0539001,0.0421417,0.0739467,0.0671165
11.625,0.0430674,0.0537802,0.0420175,0.0738051,0.0670599
11.65,0.0427158,0.0534042,0.0416274,0.0733562,0.0668805
11.675,0.0423718,0.0530359,0.0412447,0.0729091,0.0667017
11.6786,0.0423228,0.0529834,0.0411901,0.0728448,0.066676
11.7,0.0420353,0.0526752,0.0408693,0.072464,0.0665238
11.725,0.0417061,0.052322,0.040501,0.0720695,0.0663466
11.7404,0.0415068,0.0521079,0.0402775,0.0718273,0.0662378
11.75,0.041384,0.051976,0.0401397,0.0716767,0.0661702
11.775,0.041069,0.051637,0.0397852,0.0712855,0.0659945
11.8,0.0407607,0.051305,0.0394375,0.070896,0.0658196
11.8025,0.04073,0.0512719,0.0394027,0.0708589,0.0658019
11.825,0.0404592,0.0509798,0.0390963,0.0705297,0.0656454
11.85,0.0401641,0.0506612,0.0387616,0.0701649,0.0654719
11.865,0.0399904,0.0504735,0.0385642,0.0699471,0.0653684
11.875,0.0398754,0.0503491,0.0384333,0.0698017,0.0652992
11.9,0.039593,0.0500433,0.0381112,0.06944,0.0651272
11.925,0.0393166,0.0497437,0.0377951,0.0691301,0.0649559
11.9278,0.0392865,0.049711,0.0377606,0.0690959,0.064937
11.95,0.0390462,0.0494501,0.0374851,0.0688214,0.0647853
11.975,0.0387816,0.0491625,0.0371809,0.0685141,0.0646155
11.9909,0.0386165,0.0489828,0.0369907,0.0683196,0.064508
12,0.0385227,0.0488806,0.0368824,0.068208,0.0644463
12.0543,0.0379791,0.0482875,0.0362532,0.0675363,0.0640812
12.1181,0.0373728,0.0476236,0.0355468,0.0667311,0.0636567
12.1822,0.0367962,0.0469898,0.0348703,0.0658693,0.0632344
12.2467,0.0362481,0.0463848,0.0342227,0.0650544,0.0628143
12.3115,0.0357273,0.0458075,0.0336028,0.0642575,0.0623965
12.3766,0.0352329,0.0452567,0.0330096,0.0634542,0.0620165
12.4421,0.0347638,0.0447316,0.0324422,0.0627415,0.0620165
12.508,0.0343191,0.0442313,0.0318997,0.0620882,0.0620165
12.5741,0.0338979,0.0437548,0.0313813,0.0614944,0.0620165
12.6407,0.0334996,0.0433014,0.0308861,0.0609437,0.0620165
12.7076,0.0331235,0.0428706,0.0304134,0.0604459,0.0620165
12.7748,0.0327689,0.0424616,0.0299627,0.0601443,0.0620165
12.8424,0.0324354,0.0420739,0.0295332,0.0598889,0.0620165
12.9103,0.0321224,0.0417071,0.0291245,0.059661,0.0620165
12.9787,0.0318295,0.0413607,0.0287361,0.0594313,0.0620165
13.0473,0.0315564,0.0410344,0.0283675,0.0593068,0.0620165
13.1164,0.0313028,0.0407279,0.0280184,0.0592296,0.0620165
13.1858,0.0310684,0.0404409,0.0276883,0.0591518,0.0620165
13.2555,0.0308531,0.0401732,0.0273771,0.0590736,0.0620165
13.3257,0.0306567,0.0399248,0.0270845,0.0590529,0.0620165
13.3962,0.0304791,0.0396954,0.0268103,0.0591318,0.0620165
13.4671,0.0303202,0.0394851,0.0265544,0.059136,0.0620165
13.5383,0.0301801,0.0392938,0.0263167,0.0591791,0.0620165
13.61,0.0300588,0.0391216,0.026097,0.0592592,0.0620165
13.682,0.0299562,0.0389684,0.0258955,0.0593399,0.0620165
13.7544,0.0298726,0.0388345,0.0257121,0.0594822,0.0620165
13.8272,0.029808,0.0387198,0.0255469,0.0596452,0.0620165
13.9003,0.0297625,0.0386246,0.0254,0.0598087,0.0620165
13.9739,0.0297363,0.0385489,0.0252715,0.0599738,0.0620165
14.0478,0.0297296,0.038493,0.0251615,0.0601932,0.0620165
14.1221,0.0297424,0.0384569,0.0250704,0.0604179,0.0620165
14.1969,0.0297751,0.0384409,0.0249982,0.060585,0.0620165
14.272,0.0298277,0.0384451,0.0249452,0.0608344,0.0620165
14.3475,0.0299004,0.0384697,0.0249117,0.0610348,0.0620165
14.4234,0.0299933,0.0385148,0.0248978,0.0612311,0.0620165
14.4997,0.0301065,0.0385804,0.0249039,0.0614871,0.0620165
14.5765,0.03024,0.0386665,0.0249301,0.0617453,0.0620165
14.6536,0.0303938,0.0387733,0.0249768,0.0620046,0.0620165
14.7311,0.0305679,0.0389006,0.0250441,0.0622651,0.0620165
14.8091,0.030762,0.0390482,0.0251322,0.0625267,0.0620165
14.8874,0.0309761,0.039216,0.0252413,0.06279,0.0620165
14.9662,0.0312098,0.0394037,0.0253715,0.063055,0.0620165
15.0454,0.0314626,0.0396108,0.0255228,0.0633721,0.0620165
15.125,0.031734,0.0398367,0.0256951,0.0637005,0.0620165
15.205,0.0320235,0.0400809,0.0258885,0.0639747,0.0620165
15.2855,0.0323302,0.0403427,0.0261026,0.0643354,0.0620165
15.3664,0.0326533,0.040621,0.0263372,0.0646235,0.0620165
15.4477,0.0329916,0.0409149,0.0265919,0.0649504,0.0620165
15.5294,0.0333442,0.0412231,0.026866,0.0652833,0.0620165
15.6116,0.0337095,0.0415445,0.027159,0.0655722,0.0620165
15.6942,0.0340863,0.0418776,0.02747,0.0659422,0.0620165
15.7772,0.034473,0.0422207,0.0277981,0.0663146,0.0620165
15.8607,0.0348679,0.0425724,0.028142,0.0666206,0.0620165
15.9447,0.0352692,0.0429307,0.0285007,0.0669527,0.0620165
16.029,0.0356751,0.0432938,0.0288726,0.0673306,0.0620165
16.1138,0.0360837,0.0436598,0.0292561,0.0677103,0.0620165
16.1991,0.0364929,0.0440267,0.0296496,0.068092,0.0620165
16.2848,0.0369008,0.0443926,0.0300513,0.0684763,0.0620165
16.371,0.0373055,0.0447554,0.0304592,0.0688626,0.0620165
16.4576,0.0377048,0.0451131,0.0308712,0.0692507,0.0620165
16.5447,0.0380969,0.0454639,0.0312853,0.0696911,0.0620165
16.6322,0.0384799,0.0458058,0.0316994,0.070145,0.0620165
16.7202,0.0388521,0.046137,0.0321113,0.0705391,0.0620165
16.8087,0.0392117,0.0464559,0.0325188,0.0709352,0.0620165
16.8976,0.0395573,0.0467611,0.0329198,0.0713335,0.0620165
16.9871,0.0398874,0.047051,0.0333123,0.0718319,0.0620165
17.0769,0.0402009,0.0473244,0.0336944,0.0722492,0.0620165
17.1673,0.0404966,0.0475804,0.034064,0.0726541,0.0620165
17.2581,0.0407738,0.047818,0.0344197,0.0731264,0.0620165
17.3495,0.0410317,0.0480366,0.0347598,0.0735822,0.0620165
17.4413,0.0412697,0.0482355,0.0350829,0.0739935,0.0620165
17.5335,0.0414876,0.0484145,0.0353879,0.0744446,0.0620165
17.6263,0.0416852,0.0485734,0.0356738,0.0749344,0.0620165
17.7196,0.0418623,0.0487121,0.0359397,0.0753522,0.0620165
17.8134,0.0420193,0.0488308,0.0361851,0.0757721,0.0620165
17.9076,0.0421562,0.0489297,0.0364095,0.0761857,0.0620165
18.0024,0.0422735,0.0490091,0.0366128,0.0765066,0.0620165
18.0976,0.0423716,0.0490697,0.0367948,0.0769334,0.0620165
18.1934,0.0424511,0.0491118,0.0369558,0.0772579,0.0620165
18.2896,0.0425128,0.0491363,0.0370959,0.0775814,0.0620165
18.3864,0.0425572,0.0491437,0.0372156,0.0778097,0.0620165
18.4837,0.0425851,0.0491349,0.0373154,0.0781215,0.0620165
18.5815,0.0425974,0.0491106,0.0373959,0.0782674,0.0620165
18.6798,0.0425949,0.0490717,0.0374577,0.078467,0.0620165
18.7787,0.0425783,0.049019,0.0375018,0.0786002,0.0620165
18.878,0.0425487,0.0489533,0.0375288,0.0787115,0.0620165
18.9779,0.0425067,0.0488756,0.0375397,0.078736,0.0620165
19.0783,0.0424532,0.0487865,0.0375354,0.078736,
19.1793,0.042389,0.048687,0.0375167,0.0786471,
19.2808,0.042315,0.0485778,0.0374845,0.0785334,
19.3828,0.0422319,0.0484597,0.0374399,0.0784192,
19.4854,0.0421404,0.0483335,0.0373836,0.0783043,
19.5885,0.0420412,0.0481997,0.0373165,0.0780897,
19.6921,0.0419351,0.0480592,0.0372394,0.0778576,
19.7963,0.0418225,0.0479124,0.0371532,0.0776242,
19.9011,0.0417042,0.0477601,0.0370587,0.0772776,
20.0064,0.0415807,0.0476028,0.0369566,0.0770345,
20.1122,0.0414525,0.047441,0.0368475,0.076665,
20.2186,0.0413202,0.0472752,0.0367322,0.0762091,
20.3256,0.0411841,0.0471059,0.0366113,0.0758208,
20.4332,0.0410447,0.0469334,0.0364854,0.0753762,
20.5413,0.0409024,0.0467582,0.0363549,0.0749665,
20.65,0.0407576,0.0465807,0.0362205,0.0744795,
20.7592,0.0406105,0.0464011,0.0360825,0.07399,
20.8691,0.0404615,0.0462198,0.0359414,0.073498,
20.9795,0.0403109,0.0460371,0.0357977,0.0729143,
21.0905,0.0401589,0.0458531,0.0356516,0.0723943,
21.2021,0.0400058,0.0456682,0.0355035,0.0718944,
21.3143,0.0398517,0.0454824,0.0353538,0.0713755,
21.4271,0.0396968,0.0452962,0.0352026,0.0707742,
21.5405,0.0395414,0.0451095,0.0350503,0.0702662,
21.6544,0.0393855,0.0449225,0.034897,0.0697556,
21.769,0.0392293,0.0447354,0.034743,0.0692423,
21.8842,0.0390729,0.0445482,0.0345885,0.0687265,
22,0.0389164,0.0443612,0.0344335,0.068208,
22.1164,0.03876,0.0441743,0.0342783,0.0677046,
22.2334,0.0386036,0.0439877,0.034123,0.0672737,
22.3511,0.0384473,0.0438013,0.0339677,0.0667466,
22.4694,0.0382912,0.0436154,0.0338125,0.0662169,
22.5882,0.0381354,0.0434299,0.0336574,0.0657833,
22.7078,0.0379799,0.0432448,0.0335026,0.0652698,
22.8279,0.0378248,0.0430602,0.0333481,0.0648345,
22.9487,0.0376699,0.0428761,0.0331939,0.064348,
23.0701,0.0375155,0.0426926,0.0330401,0.0638614,
23.1922,0.0373614,0.0425096,0.0328868,0.0634181,
23.3149,0.0372077,0.0423272,0.0327339,0.0628937,
23.4383,0.0370544,0.0421453,0.0325814,0.062436,
23.5623,0.0369015,0.041964,0.0324295,0.0619503,
23.687,0.036749,0.0417832,0.032278,0.0614341,
23.8123,0.0365969,0.041603,0.0321271,0.0609984,
23.9383,0.0364451,0.0414233,0.0319766,0.0605319,
24.065,0.0362937,0.0412441,0.0318266,0.0600373,
24.1923,0.0361427,0.0410654,0.0316771,0.0596097,
24.3203,0.035992,0.0408872,0.0315281,0.0591566,
24.449,0.0358416,0.0407095,0.0313795,0.0586349,
24.5784,0.0356915,0.0405322,0.0312314,0.0582004,
24.7084,0.0355417,0.0403554,0.0310837,0.0577635,
24.8392,0.0353921,0.0401789,0.0309364,0.057324,
24.9706,0.0352428,0.0400029,0.0307894,0.0568825,
25.1027,0.0350937,0.0398272,0.0306428,0.0564388,
25.2356,0.0349447,0.0396518,0.0304966,0.0559922,
25.3691,0.034796,0.0394768,0.0303506,0.0555436,
25.5033,0.0346473,0.039302,0.030205,0.0550928,
25.6383,0.0344988,0.0391275,0.0300596,0.054682,
25.7739,0.0343504,0.0389533,0.0299144,0.0542953,
25.9103,0.0342021,0.0387792,0.0297695,0.0538372,
26.0474,0.0340538,0.0386054,0.0296247,0.0534296,
26.1852,0.0339056,0.0384317,0.0294801,0.0530254,
26.3238,0.0337573,0.0382582,0.0293357,0.0525865,
26.4631,0.0336091,0.0380848,0.0291913,0.0522037,
26.6031,0.0334608,0.0379116,0.0290471,0.051737,
26.7439,0.0333125,0.0377384,0.0289029,0.0513723,
26.8854,0.0331641,0.0375653,0.0287588,0.0509926,
27.0276,0.0330156,0.0373922,0.0286147,,
27.1707,0.032867,0.0372192,0.0284706,,
27.3144,0.0327183,0.0370462,0.0283265,,
27.459,0.0325695,0.0368732,0.0281824,,
27.6042,0.0324205,0.0367002,0.0280382,,
27.7503,0.0322714,0.0365272,0.027894,,
27.8971,0.0321221,0.0363542,0.0277497,,
28.0448,0.0319726,0.036181,0.0276053,,
28.1932,0.031823,0.0360079,0.0274608,,
28.3423,0.0316731,0.0358347,0.0273162,,
28.4923,0.0315231,0.0356614,0.0271715,,
28.6431,0.0313728,0.035488,0.0270267,,
28.7946,0.0312223,0.0353145,0.0268817,,
28.947,0.0310716,0.0351409,0.0267365,,
29.1001,0.0309206,0.0349673,0.0265912,,
29.2541,0.0307694,0.0347935,0.0264457,,
29.4089,0.030618,0.0346196,0.0263001,,
29.5645,0.0304664,0.0344456,0.0261543,,
29.721,0.0303145,0.0342715,0.0260083,,
29.8782,0.0301624,0.0340973,0.0258622,,
30.0363,0.0300101,0.033923,0.0257159,,
30.1953,0.0298575,0.0337486,0.0255694,,
30.355,0.0297047,0.0335741,0.0254227,,
30.5156,0.0295517,0.0333995,0.0252759,,
30.6771,0.0293985,0.0332248,0.0251289,,
30.8394,0.0292451,0.03305,0.0249817,,
31.0026,0.0290915,0.0328752,0.0248344,,
31.1667,0.0289377,0.0327002,0.0246869,,
31.3316,0.0287837,0.0325252,0.0245393,,
31.4974,0.0286295,0.0323502,0.0243916,,
31.664,0.0284752,0.0321751,0.0242437,,
31.8316,0.0283207,0.0319999,0.0240957,,
32,0.0281661,0.0318247,0.0239476,,
