# H2 X-state rovibrational levels from Roueff et al. (2019, A&A 630, A58; CDS J/A+A/630/A58); E_K above (v=0, J=0); g = g_I (2J+1), g_I = 3 (ortho, odd J) or 1 (para)
v,J,g,E_K,spin
0,0,1.000000,0.000000,p
0,1,9.000000,170.476049,o
0,2,5.000000,509.863828,p
0,3,21.000000,1015.084153,o
0,4,9.000000,1681.638684,p
0,5,33.000000,2503.744411,o
0,6,13.000000,3474.497899,p
0,7,45.000000,4586.058757,o
0,8,17.000000,5829.841830,p
1,0,1.000000,5986.989562,p
1,1,9.000000,6148.959082,o
1,2,5.000000,6471.385884,p
1,3,21.000000,6951.294266,o
0,9,57.000000,7196.708430,o
1,4,9.000000,7584.338818,p
1,5,33.000000,8364.936138,o
0,10,21.000000,8677.148557,p
1,6,13.000000,9286.425164,p
0,11,69.000000,10261.447940,o
1,7,45.000000,10341.245628,o
1,8,17.000000,11521.124190,p
2,0,1.000000,11635.392643,p
2,1,9.000000,11789.042035,o
0,12,25.000000,11939.835806,p
2,2,5.000000,12094.877904,p
2,3,21.000000,12550.022220,o
1,9,57.000000,12817.258746,o
2,4,9.000000,13150.273599,p
0,13,81.000000,13702.611088,o
2,5,33.000000,13890.235954,o
1,10,21.000000,14220.493075,p
2,6,13.000000,14763.474657,p
0,14,29.000000,15540.246431,p
1,11,69.000000,15721.475990,o
2,7,45.000000,15762.689733,o
2,8,17.000000,16879.895752,p
3,0,1.000000,16952.231930,p
3,1,9.000000,17097.687859,o
1,12,25.000000,17310.801126,p
3,2,5.000000,17387.183056,p
0,15,93.000000,17443.470509,o
3,3,21.000000,17817.930900,o
2,9,57.000000,18106.599074,o
3,4,9.000000,18385.864388,p
1,13,81.000000,18979.125383,o
3,5,33.000000,19085.761451,o
0,16,33.000000,19403.330079,p
2,10,21.000000,19433.964889,p
3,6,13.000000,19911.396633,p
1,14,29.000000,20717.265530,p
2,11,69.000000,20852.968401,o
3,7,45.000000,20855.708754,o
0,17,105.000000,21411.233676,o
3,8,17.000000,21910.974277,p
4,0,1.000000,21941.874019,p
4,1,9.000000,22079.196881,o
4,2,5.000000,22352.468731,p
2,12,25.000000,22354.526618,p
1,15,93.000000,22516.273634,o
4,3,21.000000,22758.987321,o
3,9,57.000000,23068.977270,o
4,4,9.000000,23294.809175,p
0,18,37.000000,23458.979154,p
2,13,81.000000,23929.608927,o
4,5,33.000000,23954.871257,o
3,10,21.000000,24321.168581,p
1,16,33.000000,24367.492749,p
4,6,13.000000,24733.137836,p
0,19,117.000000,25538.767260,o
2,14,29.000000,25569.326078,p
4,7,45.000000,25622.762195,o
3,11,69.000000,25658.808847,o
1,17,105.000000,26262.594714,o
5,0,1.000000,26605.761470,p
4,8,17.000000,26616.253093,p
5,1,9.000000,26734.935776,o
5,2,5.000000,26991.949242,p
3,12,25.000000,27073.091961,p
2,15,93.000000,27264.998328,o
5,3,21.000000,27374.175717,o
0,20,41.000000,27643.203345,p
4,9,57.000000,27705.637005,o
5,4,9.000000,27877.782492,p
1,18,37.000000,28193.602128,p
5,5,33.000000,28497.847935,o
3,13,81.000000,28555.247299,o
4,10,21.000000,28882.608971,p
2,16,33.000000,29008.204071,p
5,6,13.000000,29228.503056,p
0,21,129.000000,29765.289067,o
5,7,45.000000,30063.086717,o
3,14,29.000000,30096.620429,p
4,11,69.000000,30138.666834,o
1,19,117.000000,30152.896494,o
2,17,105.000000,30790.810722,o
6,0,1.000000,30942.019116,p
5,8,17.000000,30994.304543,p
6,1,9.000000,31062.939634,o
6,2,5.000000,31303.479250,p
4,12,25.000000,31465.225606,p
6,3,21.000000,31661.077734,o
3,15,93.000000,31688.732925,o
0,22,45.000000,31898.405642,p
5,9,57.000000,32014.382716,o
6,4,9.000000,32131.997416,p
1,20,41.000000,32133.214300,p
2,18,37.000000,32604.989586,p
6,5,33.000000,32711.436272,o
4,13,81.000000,32853.710306,o
5,10,21.000000,33115.209568,p
3,16,33.000000,33323.322468,p
6,6,13.000000,33393.663494,p
0,23,141.000000,34036.289824,o
1,21,129.000000,34127.632521,o
6,7,45.000000,34172.167360,o
5,11,69.000000,34288.459888,o
4,14,29.000000,34295.626878,p
2,19,117.000000,34443.216356,o
7,0,1.000000,34944.891905,p
3,17,105.000000,34992.364621,o
6,8,17.000000,35039.805565,p
7,1,9.000000,35057.343746,o
7,2,5.000000,35280.973293,p
5,12,25.000000,35525.698612,p
7,3,21.000000,35613.273075,o
4,15,93.000000,35782.611535,o
6,9,57.000000,35988.949232,o
7,4,9.000000,36050.580082,p
1,22,45.000000,36129.544543,p
0,24,49.000000,36173.003406,p
2,20,41.000000,36298.258455,p
7,5,33.000000,36588.183514,o
3,18,37.000000,36688.077517,p
5,13,81.000000,36818.462109,o
6,10,21.000000,37011.613583,p
7,6,13.000000,37220.453294,p
4,16,33.000000,37306.459255,p
7,7,45.000000,37940.979229,o
6,11,69.000000,38099.570037,o
1,23,141.000000,38132.626955,o
5,14,29.000000,38158.316222,p
2,21,129.000000,38163.149879,o
0,25,153.000000,38302.896503,o
3,19,117.000000,38402.910266,o
8,0,1.000000,38603.953801,p
8,1,9.000000,38707.583652,o
7,8,17.000000,38742.710954,p
4,17,105.000000,38859.132064,o
8,2,5.000000,38913.587750,p
8,3,21.000000,39219.493490,o
6,12,25.000000,39244.436125,p
5,15,93.000000,39536.890777,o
7,9,57.000000,39618.089780,o
8,4,9.000000,39621.684682,p
2,22,45.000000,40031.153444,p
8,5,33.000000,40115.502698,o
3,20,41.000000,40129.515136,p
1,24,49.000000,40130.796939,p
0,26,53.000000,40420.564381,p
4,18,37.000000,40432.747138,p
6,13,81.000000,40437.740803,o
7,10,21.000000,40559.165239,p
8,6,13.000000,40695.366189,p
5,16,33.000000,40945.890144,p
8,7,45.000000,41354.899110,o
7,11,69.000000,41557.690488,o
6,14,29.000000,41670.963305,p
3,21,129.000000,41860.702347,o
2,23,141.000000,41895.709115,o
9,0,1.000000,41902.997078,p
9,1,9.000000,41997.270814,o
4,19,117.000000,42019.543703,o
8,8,17.000000,42087.056952,p
1,25,153.000000,42118.158986,o
9,2,5.000000,42184.568686,p
5,17,105.000000,42377.078640,o
9,3,21.000000,42462.427252,o
0,27,165.000000,42520.796745,o
7,12,25.000000,42605.192066,p
9,4,9.000000,42827.236870,p
8,9,57.000000,42884.241887,o
6,15,93.000000,42935.543500,o
9,5,33.000000,43274.334088,o
3,22,45.000000,43589.374507,p
4,20,41.000000,43611.825880,p
7,13,81.000000,43693.009883,o
8,10,21.000000,43738.398640,p
2,24,49.000000,43750.365476,p
9,6,13.000000,43798.109320,p
5,18,37.000000,43822.237906,p
1,26,53.000000,44088.938234,p
6,16,33.000000,44222.860414,p
9,7,45.000000,44392.119129,o
0,28,57.000000,44598.517390,p
8,11,69.000000,44641.083746,o
7,14,29.000000,44812.302832,p
10,0,1.000000,44818.463202,p
10,1,9.000000,44902.601493,o
9,8,17.000000,45049.192136,p
10,2,5.000000,45069.615438,p
4,21,129.000000,45201.875420,o
5,19,117.000000,45273.090357,o
3,23,141.000000,45308.434677,o
10,3,21.000000,45317.011442,o
6,17,105.000000,45524.172899,o
8,12,25.000000,45583.500906,p
2,25,153.000000,45588.688621,o
10,4,9.000000,45641.124247,p
9,9,57.000000,45761.517731,o
7,15,93.000000,45954.013059,o
10,5,33.000000,46037.196285,o
1,27,165.000000,46037.395393,o
10,6,13.000000,46499.466758,p
9,10,21.000000,46520.706692,p
8,13,81.000000,46556.493543,o
0,29,177.000000,46648.710419,o
5,20,41.000000,46721.177219,p
4,22,45.000000,46781.822908,p
6,18,37.000000,46830.510936,p
3,24,49.000000,47010.656862,p
10,7,45.000000,47021.258262,o
7,16,33.000000,47108.777119,p
11,0,1.000000,47317.197353,p
9,11,69.000000,47317.811540,o
11,1,9.000000,47390.072900,o
2,26,53.000000,47404.138009,p
11,2,5.000000,47534.517080,p
8,14,29.000000,47550.481308,p
10,8,17.000000,47595.047199,p
11,3,21.000000,47747.941073,o
1,28,57.000000,47957.714336,p
11,4,9.000000,48026.519498,p
6,19,117.000000,48132.495754,o
9,12,25.000000,48143.290547,p
5,21,129.000000,48157.669241,o
10,9,57.000000,48212.502168,o
7,17,105.000000,48266.761828,o
4,23,141.000000,48343.455638,o
11,5,33.000000,48365.247029,o
8,15,93.000000,48555.317380,o
0,30,61.000000,48666.326436,p
3,25,153.000000,48688.497938,o
11,6,13.000000,48757.993138,p
10,10,21.000000,48864.470130,p
9,13,81.000000,48986.889616,o
2,27,165.000000,49189.890037,o
11,7,45.000000,49197.537352,o
12,0,1.000000,49353.175270,p
12,1,9.000000,49413.135187,o
7,18,37.000000,49417.381209,p
6,20,41.000000,49420.045257,p
12,2,5.000000,49531.646615,p
10,11,69.000000,49540.880022,o
8,16,33.000000,49560.021720,p
5,22,45.000000,49573.066730,p
11,8,17.000000,49675.560943,p
12,3,21.000000,49705.904393,o
9,14,29.000000,49837.394090,p
1,29,177.000000,49843.846033,o
4,24,49.000000,49877.919459,p
12,4,9.000000,49931.722856,p
11,9,57.000000,50182.558289,o
12,5,33.000000,50203.541762,o
10,12,25.000000,50230.509316,p
3,26,53.000000,50333.810069,p
12,6,13.000000,50514.396311,p
7,19,117.000000,50548.801105,o
8,17,105.000000,50552.294373,o
0,31,189.000000,50646.157072,o
6,21,129.000000,50681.872192,o
9,15,93.000000,50682.148202,o
11,10,21.000000,50707.601808,p
12,7,45.000000,50855.806736,o
13,0,1.000000,50862.653737,p
13,1,9.000000,50907.165715,o
10,13,81.000000,50920.497617,o
2,28,57.000000,50938.571964,p
5,23,141.000000,50956.696783,o
13,2,5.000000,50994.552221,p
13,3,21.000000,51121.511545,o
12,8,17.000000,51217.499646,p
11,11,69.000000,51237.815730,o
13,4,9.000000,51283.002536,p
4,25,153.000000,51375.223992,o
13,5,33.000000,51472.063889,o
9,16,33.000000,51506.087961,p
8,18,37.000000,51517.574900,p
12,9,57.000000,51586.747297,o
10,14,29.000000,51595.308689,p
7,20,41.000000,51647.006282,p
13,6,13.000000,51679.380507,p
1,30,61.000000,51689.277734,p
11,12,25.000000,51757.156462,p
14,0,1.000000,51757.512799,p
14,1,9.000000,51782.203310,o
14,2,5.000000,51829.237435,p
13,7,45.000000,51892.100577,o
14,3,21.000000,51893.559384,o
6,22,45.000000,51904.553045,p
3,27,165.000000,51937.366990,o
12,10,21.000000,51946.600376,p
14,4,9.000000,51965.803938,p
