wavelength,flux,flux_err,continuum,band
13.34,0.6335945,0.00247641,0.632731,3B
13.3425,0.6329693,0.00247641,0.6329682,3B
13.345,0.6349846,0.00247641,0.6332054,3B
13.3475,0.6337588,0.00247641,0.6334427,3B
13.35,0.6323852,0.00247641,0.63368,3B
13.3525,0.634893,0.00247641,0.6339174,3B
13.355,0.6376439,0.00247641,0.6341548,3B
13.3575,0.6371529,0.00247641,0.6343922,3B
13.36,0.6338384,0.00247641,0.6346297,3B
13.3625,0.6337906,0.00247641,0.6348672,3B
13.365,0.634834,0.00247641,0.6351048,3B
13.3675,0.6357862,0.00247641,0.6353424,3B
13.37,0.6301273,0.00247641,0.6355801,3B
13.3725,0.6354784,0.00247641,0.6358178,3B
13.375,0.6330357,0.00247641,0.6360556,3B
13.3775,0.634511,0.00247641,0.6362934,3B
13.38,0.6352307,0.00247641,0.6365312,3B
13.3825,0.6361861,0.00247641,0.6367691,3B
13.385,0.6385425,0.00247641,0.637007,3B
13.3875,0.6412568,0.00247641,0.637245,3B
13.39,0.6393832,0.00247641,0.637483,3B
13.3925,0.6420654,0.00247641,0.6377211,3B
13.395,0.63652,0.00247641,0.6379592,3B
13.3975,0.6393519,0.00247641,0.6381974,3B
13.4,0.6409035,0.00247641,0.6384356,3B
13.4025,0.6389812,0.00247641,0.6386738,3B
13.405,0.6370954,0.00247641,0.6389121,3B
13.4075,0.6369066,0.00247641,0.6391504,3B
13.41,0.6384036,0.00247641,0.6393888,3B
13.4125,0.6407684,0.00247641,0.6396272,3B
13.415,0.6392525,0.00247641,0.6398657,3B
13.4175,0.64187,0.00247641,0.6401042,3B
13.42,0.6407221,0.00247641,0.6403428,3B
13.4225,0.6420486,0.00247641,0.6405814,3B
13.425,0.6415501,0.00247641,0.64082,3B
13.4275,0.6422112,0.00247641,0.6410587,3B
13.43,0.6398193,0.00247641,0.6412974,3B
13.4325,0.6412566,0.00247641,0.6415362,3B
13.435,0.643739,0.00247641,0.641775,3B
13.4375,0.6457853,0.00247641,0.6420139,3B
13.44,0.639719,0.00247641,0.6422528,3B
13.4425,0.6484152,0.00247641,0.6424918,3B
13.445,0.6483693,0.00247641,0.6427308,3B
13.4475,0.6455781,0.00247641,0.6429698,3B
13.45,0.6439812,0.00247641,0.6432089,3B
13.4525,0.6427802,0.00247641,0.643448,3B
13.455,0.6475049,0.00247641,0.6436872,3B
13.4575,0.6490218,0.00247641,0.6439264,3B
13.46,0.6487409,0.00247641,0.6441657,3B
13.4625,0.647701,0.00247641,0.644405,3B
13.465,0.6455965,0.00247641,0.6446444,3B
13.4675,0.6424325,0.00247641,0.6448838,3B
13.47,0.6473112,0.00247641,0.6451232,3B
13.4725,0.649338,0.00247641,0.6453627,3B
13.475,0.6430973,0.00247641,0.6456022,3B
13.4775,0.6470953,0.00247641,0.6458418,3B
13.48,0.6486001,0.00247641,0.6460814,3B
13.4825,0.6527191,0.00247641,0.6463211,3B
13.485,0.6501487,0.00247641,0.6465608,3B
13.4875,0.650835,0.00247641,0.6468006,3B
13.49,0.6502885,0.00247641,0.6470404,3B
13.4925,0.6476798,0.00247641,0.6472802,3B
13.495,0.6548007,0.00247641,0.6475201,3B
13.4975,0.6505772,0.00247641,0.64776,3B
13.5,0.6527908,0.00247641,0.648,3B
13.5025,0.6496596,0.00247641,0.64824,3B
13.505,0.6536191,0.00247641,0.6484801,3B
13.5075,0.6531397,0.00247641,0.6487202,3B
13.51,0.6518464,0.00247641,0.6489604,3B
13.5125,0.6451495,0.00247641,0.6492006,3B
13.515,0.6507579,0.00247641,0.6494408,3B
13.5175,0.6523235,0.00247641,0.6496811,3B
13.52,0.6532442,0.00247641,0.6499214,3B
13.5225,0.6497111,0.00247641,0.6501618,3B
13.525,0.6574491,0.00247641,0.6504022,3B
13.5275,0.6503239,0.00247641,0.6506427,3B
13.53,0.6506122,0.00247641,0.6508832,3B
13.5325,0.6540063,0.00247641,0.6511238,3B
13.535,0.6519258,0.00247641,0.6513644,3B
13.5375,0.6572089,0.00247641,0.651605,3B
13.54,0.6532503,0.00247641,0.6518457,3B
13.5425,0.6514974,0.00247641,0.6520864,3B
13.545,0.6522479,0.00247641,0.6523272,3B
13.5475,0.6506986,0.00247641,0.652568,3B
13.55,0.6506987,0.00247641,0.6528089,3B
13.5525,0.6568763,0.00247641,0.6530498,3B
13.555,0.6577586,0.00247641,0.6532908,3B
13.5575,0.6583115,0.00247641,0.6535318,3B
13.56,0.6525848,0.00247641,0.6537728,3B
13.5625,0.6586521,0.00247641,0.6540139,3B
13.565,0.6539643,0.00247641,0.654255,3B
13.5675,0.6589269,0.00247641,0.6544962,3B
13.57,0.6543589,0.00247641,0.6547374,3B
13.5725,0.6537696,0.00247641,0.6549787,3B
13.575,0.6562943,0.00247641,0.65522,3B
13.5775,0.658687,0.00247641,0.6554614,3B
13.58,0.6579361,0.00247641,0.6557028,3B
13.5825,0.657466,0.00247641,0.6559442,3B
13.585,0.6545532,0.00247641,0.6561857,3B
13.5875,0.6535725,0.00247641,0.6564272,3B
13.59,0.6582681,0.00247641,0.6566688,3B
13.5925,0.6595999,0.00247641,0.6569104,3B
13.595,0.6570265,0.00247641,0.6571521,3B
13.5975,0.6551779,0.00247641,0.6573938,3B
13.6,0.6604224,0.00247641,0.6576356,3B
13.6025,0.6551832,0.00247641,0.6578774,3B
13.605,0.6566805,0.00247641,0.6581192,3B
13.6075,0.6608888,0.00247641,0.6583611,3B
13.61,0.6557137,0.00247641,0.658603,3B
13.6125,0.6622345,0.00247641,0.658845,3B
13.615,0.6585316,0.00247641,0.659087,3B
13.6175,0.6599468,0.00247641,0.6593291,3B
13.62,0.6596163,0.00247641,0.6595712,3B
13.6225,0.6604976,0.00247641,0.6598134,3B
13.625,0.6619951,0.00247641,0.6600556,3B
13.6275,0.6589297,0.00247641,0.6602978,3B
13.63,0.6646852,0.00247641,0.6605401,3B
13.6325,0.6629854,0.00247641,0.6607824,3B
13.635,0.6636092,0.00247641,0.6610248,3B
13.6375,0.6658923,0.00247641,0.6612672,3B
13.64,0.6659884,0.00247641,0.6615097,3B
13.6425,0.6652862,0.00247641,0.6617522,3B
13.645,0.6628642,0.00247641,0.6619948,3B
13.6475,0.6591646,0.00247641,0.6622374,3B
13.65,0.6623738,0.00247641,0.66248,3B
13.6525,0.6609838,0.00247641,0.6627227,3B
13.655,0.6597069,0.00247641,0.6629654,3B
13.6575,0.6644453,0.00247641,0.6632082,3B
13.66,0.6627226,0.00247641,0.663451,3B
13.6625,0.6615453,0.00247641,0.6636939,3B
13.665,0.662298,0.00247641,0.6639368,3B
13.6675,0.6669508,0.00247641,0.6641798,3B
13.67,0.667036,0.00247641,0.6644228,3B
13.6725,0.6690068,0.00247641,0.6646658,3B
13.675,0.6655827,0.00247641,0.6649089,3B
13.6775,0.6680615,0.00247641,0.665152,3B
13.68,0.6692079,0.00247641,0.6653952,3B
13.6825,0.6688308,0.00247641,0.6656384,3B
13.685,0.6604079,0.00247641,0.6658817,3B
13.6875,0.6699293,0.00247641,0.666125,3B
13.69,0.6679472,0.00247641,0.6663684,3B
13.6925,0.6681842,0.00247641,0.6666118,3B
13.695,0.6692089,0.00247641,0.6668552,3B
13.6975,0.6698806,0.00247641,0.6670987,3B
13.7,0.6691435,0.00247641,0.6673422,3B
13.7025,0.6675991,0.00247641,0.6675858,3B
13.705,0.6640946,0.00247641,0.6678294,3B
13.7075,0.6681965,0.00247641,0.6680731,3B
13.71,0.6664306,0.00247641,0.6683168,3B
13.7125,0.6714805,0.00247641,0.6685606,3B
13.715,0.6687193,0.00247641,0.6688044,3B
13.7175,0.670279,0.00247641,0.6690482,3B
13.72,0.6681244,0.00247641,0.6692921,3B
13.7225,0.669053,0.00247641,0.669536,3B
13.725,0.6712754,0.00247641,0.66978,3B
13.7275,0.6677008,0.00247641,0.670024,3B
13.73,0.6717286,0.00247641,0.6702681,3B
13.7325,0.6709195,0.00247641,0.6705122,3B
13.735,0.6689089,0.00247641,0.6707564,3B
13.7375,0.6659048,0.00247641,0.6710006,3B
13.74,0.6727321,0.00247641,0.6712448,3B
13.7425,0.6708501,0.00247641,0.6714891,3B
13.745,0.6707809,0.00247641,0.6717334,3B
13.7475,0.6724106,0.00247641,0.6719778,3B
13.75,0.6780919,0.00247641,0.6722222,3B
13.7525,0.6736077,0.00247641,0.6724667,3B
13.755,0.6742786,0.00247641,0.6727112,3B
13.7575,0.6702092,0.00247641,0.6729558,3B
13.76,0.677949,0.00247641,0.6732004,3B
13.7625,0.6762502,0.00247641,0.673445,3B
13.765,0.6771916,0.00247641,0.6736897,3B
13.7675,0.6753217,0.00247641,0.6739344,3B
13.77,0.6771353,0.00247641,0.6741792,3B
13.7725,0.6755442,0.00247641,0.674424,3B
13.775,0.6764692,0.00247641,0.6746689,3B
13.7775,0.6752879,0.00247641,0.6749138,3B
13.78,0.6726394,0.00247641,0.6751588,3B
13.7825,0.6794279,0.00247641,0.6754038,3B
13.785,0.6723677,0.00247641,0.6756488,3B
13.7875,0.6761765,0.00247641,0.6758939,3B
13.79,0.6763742,0.00247641,0.676139,3B
13.7925,0.6743417,0.00247641,0.6763842,3B
13.795,0.6787134,0.00247641,0.6766294,3B
13.7975,0.6777075,0.00247641,0.6768747,3B
13.8,0.6774551,0.00247641,0.67712,3B
13.8025,0.6793212,0.00247641,0.6773654,3B
13.805,0.6769129,0.00247641,0.6776108,3B
13.8075,0.6821478,0.00247641,0.6778562,3B
13.81,0.6800787,0.00247641,0.6781017,3B
13.8125,0.6783545,0.00247641,0.6783472,3B
13.815,0.6748723,0.00247641,0.6785928,3B
13.8175,0.6766416,0.00247641,0.6788384,3B
13.82,0.6831402,0.00247641,0.6790841,3B
13.8225,0.6801722,0.00247641,0.6793298,3B
13.825,0.6793221,0.00247641,0.6795756,3B
13.8275,0.6847876,0.00247641,0.6798214,3B
13.83,0.6787928,0.00247641,0.6800672,3B
13.8325,0.6802548,0.00247641,0.6803131,3B
13.835,0.6800156,0.00247641,0.680559,3B
13.8375,0.6831197,0.00247641,0.680805,3B
13.84,0.680418,0.00247641,0.681051,3B
13.8425,0.6804579,0.00247641,0.6812971,3B
13.845,0.6781973,0.00247641,0.6815432,3B
13.8475,0.6841754,0.00247641,0.6817894,3B
13.85,0.684881,0.00247641,0.6820356,3B
13.8525,0.6826258,0.00247641,0.6822818,3B
13.855,0.6841294,0.00247641,0.6825281,3B
13.8575,0.6801419,0.00247641,0.6827744,3B
13.86,0.6833276,0.00247641,0.6830208,3B
13.8625,0.6890477,0.00247641,0.6832672,3B
13.865,0.6850923,0.00247641,0.6835137,3B
13.8675,0.690398,0.00247641,0.6837602,3B
13.87,0.6841163,0.00247641,0.6840068,3B
13.8725,0.6922624,0.00247641,0.6842534,3B
13.875,0.6982465,0.00247641,0.6845,3B
13.8775,0.7034532,0.00247641,0.6847467,3B
13.88,0.7015239,0.00247641,0.6849934,3B
13.8825,0.6997342,0.00247641,0.6852402,3B
13.885,0.6992617,0.00247641,0.685487,3B
13.8875,0.708661,0.00247641,0.6857339,3B
13.89,0.699754,0.00247641,0.6859808,3B
13.8925,0.6947809,0.00247641,0.6862278,3B
13.895,0.6975175,0.00247641,0.6864748,3B
13.8975,0.69878,0.00247641,0.6867218,3B
13.9,0.6951294,0.00247641,0.6869689,3B
13.9025,0.6988217,0.00247641,0.687216,3B
13.905,0.6967436,0.00247641,0.6874632,3B
13.9075,0.6933169,0.00247641,0.6877104,3B
13.91,0.6924686,0.00247641,0.6879577,3B
13.9125,0.6910703,0.00247641,0.688205,3B
13.915,0.6918876,0.00247641,0.6884524,3B
13.9175,0.6903969,0.00247641,0.6886998,3B
13.92,0.6968571,0.00247641,0.6889472,3B
13.9225,0.6981798,0.00247641,0.6891947,3B
13.925,0.6925974,0.00247641,0.6894422,3B
13.9275,0.6923724,0.00247641,0.6896898,3B
13.93,0.689533,0.00247641,0.6899374,3B
13.9325,0.690835,0.00247641,0.6901851,3B
13.935,0.6849777,0.00247641,0.6904328,3B
13.9375,0.6896329,0.00247641,0.6906806,3B
13.94,0.6956694,0.00247641,0.6909284,3B
13.9425,0.6919856,0.00247641,0.6911762,3B
13.945,0.6954036,0.00247641,0.6914241,3B
13.9475,0.6930166,0.00247641,0.691672,3B
13.95,0.6991403,0.00247641,0.69192,3B
13.9525,0.6946839,0.00247641,0.692168,3B
13.955,0.6942983,0.00247641,0.6924161,3B
13.9575,0.7045985,0.00247641,0.6926642,3B
13.96,0.6971287,0.00247641,0.6929124,3B
13.9625,0.6927053,0.00247641,0.6931606,3B
13.965,0.6949775,0.00247641,0.6934088,3B
13.9675,0.6942483,0.00247641,0.6936571,3B
13.97,0.6972839,0.00247641,0.6939054,3B
13.9725,0.6924656,0.00247641,0.6941538,3B
13.975,0.6971722,0.00247641,0.6944022,3B
13.9775,0.6983391,0.00247641,0.6946507,3B
13.98,0.6958547,0.00247641,0.6948992,3B
13.9825,0.6976421,0.00247641,0.6951478,3B
13.985,0.6946992,0.00247641,0.6953964,3B
13.9875,0.7042868,0.00247641,0.695645,3B
13.99,0.700199,0.00247641,0.6958937,3B
13.9925,0.7007927,0.00247641,0.6961424,3B
13.995,0.6962455,0.00247641,0.6963912,3B
13.9975,0.6963445,0.00247641,0.69664,3B
14.0,0.6972012,0.00247641,0.6968889,3B
14.0025,0.6996159,0.00247641,0.6971378,3B
14.005,0.6964836,0.00247641,0.6973868,3B
14.0075,0.6980816,0.00247641,0.6976358,3B
14.01,0.6965305,0.00247641,0.6978848,3B
14.0125,0.6987129,0.00247641,0.6981339,3B
14.015,0.7068762,0.00247641,0.698383,3B
14.0175,0.7025683,0.00247641,0.6986322,3B
14.02,0.7007164,0.00247641,0.6988814,3B
14.0225,0.7027625,0.00247641,0.6991307,3B
14.025,0.702253,0.00247641,0.69938,3B
14.0275,0.7022587,0.00247641,0.6996294,3B
14.03,0.7011084,0.00247641,0.6998788,3B
14.0325,0.6986197,0.00247641,0.7001282,3B
14.035,0.697725,0.00247641,0.7003777,3B
14.0375,0.7050867,0.00247641,0.7006272,3B
14.04,0.7035921,0.00247641,0.7008768,3B
14.0425,0.7025352,0.00247641,0.7011264,3B
14.045,0.7031816,0.00247641,0.7013761,3B
14.0475,0.7019599,0.00247641,0.7016258,3B
14.05,0.6961361,0.00247641,0.7018756,3B
14.0525,0.707256,0.00247641,0.7021254,3B
14.055,0.7078375,0.00247641,0.7023752,3B
14.0575,0.704702,0.00247641,0.7026251,3B
14.06,0.7031137,0.00247641,0.702875,3B
14.0625,0.7069796,0.00247641,0.703125,3B
14.065,0.7016407,0.00247641,0.703375,3B
14.0675,0.7007324,0.00247641,0.7036251,3B
14.07,0.7069944,0.00247641,0.7038752,3B
14.0725,0.7084331,0.00247641,0.7041254,3B
14.075,0.7041279,0.00247641,0.7043756,3B
14.0775,0.7082276,0.00247641,0.7046258,3B
14.08,0.7061198,0.00247641,0.7048761,3B
14.0825,0.7077371,0.00247641,0.7051264,3B
14.085,0.708079,0.00247641,0.7053768,3B
14.0875,0.7168725,0.00247641,0.7056272,3B
14.09,0.7135308,0.00247641,0.7058777,3B
14.0925,0.7087247,0.00247641,0.7061282,3B
14.095,0.7092039,0.00247641,0.7063788,3B
14.0975,0.6996521,0.00247641,0.7066294,3B
14.1,0.709223,0.00247641,0.70688,3B
14.1025,0.7092745,0.00247641,0.7071307,3B
14.105,0.7098367,0.00247641,0.7073814,3B
14.1075,0.7079155,0.00247641,0.7076322,3B
14.11,0.7102182,0.00247641,0.707883,3B
14.1125,0.7113628,0.00247641,0.7081339,3B
14.115,0.7099797,0.00247641,0.7083848,3B
14.1175,0.713797,0.00247641,0.7086358,3B
14.12,0.7217333,0.00247641,0.7088868,3B
14.1225,0.7117845,0.00247641,0.7091378,3B
14.125,0.7129844,0.00247641,0.7093889,3B
14.1275,0.7105523,0.00247641,0.70964,3B
14.13,0.7096173,0.00247641,0.7098912,3B
14.1325,0.7126543,0.00247641,0.7101424,3B
14.135,0.711703,0.00247641,0.7103937,3B
14.1375,0.7152792,0.00247641,0.710645,3B
14.14,0.7136561,0.00247641,0.7108964,3B
14.1425,0.7121847,0.00247641,0.7111478,3B
14.145,0.7111562,0.00247641,0.7113992,3B
14.1475,0.7150304,0.00247641,0.7116507,3B
14.15,0.7205646,0.00247641,0.7119022,3B
14.1525,0.7220176,0.00247641,0.7121538,3B
14.155,0.7199718,0.00247641,0.7124054,3B
14.1575,0.713354,0.00247641,0.7126571,3B
14.16,0.7134146,0.00247641,0.7129088,3B
14.1625,0.7131787,0.00247641,0.7131606,3B
14.165,0.7169605,0.00247641,0.7134124,3B
14.1675,0.7150738,0.00247641,0.7136642,3B
14.17,0.7193481,0.00247641,0.7139161,3B
14.1725,0.715981,0.00247641,0.714168,3B
14.175,0.7181762,0.00247641,0.71442,3B
14.1775,0.7168784,0.00247641,0.714672,3B
14.18,0.7187257,0.00247641,0.7149241,3B
14.1825,0.7182654,0.00247641,0.7151762,3B
14.185,0.7286838,0.00247641,0.7154284,3B
14.1875,0.7193597,0.00247641,0.7156806,3B
14.19,0.7160236,0.00247641,0.7159328,3B
14.1925,0.7175054,0.00247641,0.7161851,3B
14.195,0.7207624,0.00247641,0.7164374,3B
14.1975,0.7194656,0.00247641,0.7166898,3B
14.2,0.7208628,0.00247641,0.7169422,3B
14.2025,0.718842,0.00247641,0.7171947,3B
14.205,0.7208442,0.00247641,0.7174472,3B
14.2075,0.7214952,0.00247641,0.7176998,3B
14.21,0.7263042,0.00247641,0.7179524,3B
14.2125,0.7232018,0.00247641,0.718205,3B
14.215,0.719377,0.00247641,0.7184577,3B
14.2175,0.7335494,0.00247641,0.7187104,3B
14.22,0.7269828,0.00247641,0.7189632,3B
14.2225,0.720532,0.00247641,0.719216,3B
14.225,0.7241863,0.00247641,0.7194689,3B
14.2275,0.720141,0.00247641,0.7197218,3B
14.23,0.7206706,0.00247641,0.7199748,3B
14.2325,0.7237416,0.00247641,0.7202278,3B
14.235,0.7261121,0.00247641,0.7204808,3B
14.2375,0.7278884,0.00247641,0.7207339,3B
14.24,0.7226364,0.00247641,0.720987,3B
14.2425,0.7311631,0.00247641,0.7212402,3B
14.245,0.7273079,0.00247641,0.7214934,3B
14.2475,0.7240108,0.00247641,0.7217467,3B
14.25,0.7286167,0.00247641,0.722,3B
14.2525,0.7300093,0.00247641,0.7222534,3B
14.255,0.7272642,0.00247641,0.7225068,3B
14.2575,0.7229075,0.00247641,0.7227602,3B
14.26,0.7220648,0.00247641,0.7230137,3B
14.2625,0.7268476,0.00247641,0.7232672,3B
14.265,0.7271334,0.00247641,0.7235208,3B
14.2675,0.724911,0.00247641,0.7237744,3B
14.27,0.7287678,0.00247641,0.7240281,3B
14.2725,0.73407,0.00247641,0.7242818,3B
14.275,0.7294076,0.00247641,0.7245356,3B
14.2775,0.7277934,0.00247641,0.7247894,3B
14.28,0.7291564,0.00247641,0.7250432,3B
14.2825,0.7332424,0.00247641,0.7252971,3B
14.285,0.7369501,0.00247641,0.725551,3B
14.2875,0.7344442,0.00247641,0.725805,3B
14.29,0.7254542,0.00247641,0.726059,3B
14.2925,0.7241791,0.00247641,0.7263131,3B
14.295,0.7261577,0.00247641,0.7265672,3B
14.2975,0.729759,0.00247641,0.7268214,3B
14.3,0.7270497,0.00247641,0.7270756,3B
14.3025,0.7272898,0.00247641,0.7273298,3B
14.305,0.7292347,0.00247641,0.7275841,3B
14.3075,0.7358592,0.00247641,0.7278384,3B
14.31,0.7332818,0.00247641,0.7280928,3B
14.3125,0.7306598,0.00247641,0.7283472,3B
14.315,0.7327127,0.00247641,0.7286017,3B
14.3175,0.7371193,0.00247641,0.7288562,3B
14.32,0.7362156,0.00247641,0.7291108,3B
14.3225,0.7304374,0.00247641,0.7293654,3B
14.325,0.7327493,0.00247641,0.72962,3B
14.3275,0.7321875,0.00247641,0.7298747,3B
14.33,0.7367147,0.00247641,0.7301294,3B
14.3325,0.7297265,0.00247641,0.7303842,3B
14.335,0.732549,0.00247641,0.730639,3B
14.3375,0.7337475,0.00247641,0.7308939,3B
14.34,0.7371504,0.00247641,0.7311488,3B
14.3425,0.7434753,0.00247641,0.7314038,3B
14.345,0.7323044,0.00247641,0.7316588,3B
14.3475,0.7355072,0.00247641,0.7319138,3B
14.35,0.7334078,0.00247641,0.7321689,3B
14.3525,0.74342,0.00247641,0.732424,3B
14.355,0.7335648,0.00247641,0.7326792,3B
14.3575,0.7376264,0.00247641,0.7329344,3B
14.36,0.7347636,0.00247641,0.7331897,3B
14.3625,0.7366396,0.00247641,0.733445,3B
14.365,0.7359738,0.00247641,0.7337004,3B
14.3675,0.7378588,0.00247641,0.7339558,3B
14.37,0.734654,0.00247641,0.7342112,3B
14.3725,0.7309662,0.00247641,0.7344667,3B
14.375,0.7414662,0.00247641,0.7347222,3B
14.3775,0.7433161,0.00247641,0.7349778,3B
14.38,0.7326343,0.00247641,0.7352334,3B
14.3825,0.7343307,0.00247641,0.7354891,3B
14.385,0.744666,0.00247641,0.7357448,3B
14.3875,0.7408067,0.00247641,0.7360006,3B
14.39,0.7341764,0.00247641,0.7362564,3B
14.3925,0.7420863,0.00247641,0.7365122,3B
14.395,0.7426584,0.00247641,0.7367681,3B
14.3975,0.7389282,0.00247641,0.737024,3B
14.4,0.7438392,0.00247641,0.73728,3B
14.4025,0.7378486,0.00247641,0.737536,3B
14.405,0.7376265,0.00247641,0.7377921,3B
14.4075,0.7435589,0.00247641,0.7380482,3B
14.41,0.7485302,0.00247641,0.7383044,3B
14.4125,0.7380467,0.00247641,0.7385606,3B
14.415,0.7360209,0.00247641,0.7388168,3B
14.4175,0.736466,0.00247641,0.7390731,3B
14.42,0.7478548,0.00247641,0.7393294,3B
14.4225,0.7436308,0.00247641,0.7395858,3B
14.425,0.7410403,0.00247641,0.7398422,3B
14.4275,0.7457857,0.00247641,0.7400987,3B
14.43,0.7402315,0.00247641,0.7403552,3B
14.4325,0.7462068,0.00247641,0.7406118,3B
14.435,0.7421664,0.00247641,0.7408684,3B
14.4375,0.7419543,0.00247641,0.741125,3B
14.44,0.7477415,0.00247641,0.7413817,3B
14.4425,0.7509472,0.00247641,0.7416384,3B
14.445,0.7473028,0.00247641,0.7418952,3B
14.4475,0.740057,0.00247641,0.742152,3B
14.45,0.7371617,0.00247641,0.7424089,3B
14.4525,0.7501481,0.00247641,0.7426658,3B
14.455,0.7465162,0.00247641,0.7429228,3B
14.4575,0.7455898,0.00247641,0.7431798,3B
14.46,0.7474476,0.00247641,0.7434368,3B
14.4625,0.7480122,0.00247641,0.7436939,3B
14.465,0.748751,0.00247641,0.743951,3B
14.4675,0.7478649,0.00247641,0.7442082,3B
14.47,0.7493732,0.00247641,0.7444654,3B
14.4725,0.7488553,0.00247641,0.7447227,3B
14.475,0.7511573,0.00247641,0.74498,3B
14.4775,0.749475,0.00247641,0.7452374,3B
14.48,0.7393456,0.00247641,0.7454948,3B
14.4825,0.73451,0.00247641,0.7457522,3B
14.485,0.7437732,0.00247641,0.7460097,3B
14.4875,0.7558031,0.00247641,0.7462672,3B
14.49,0.7486852,0.00247641,0.7465248,3B
14.4925,0.7463525,0.00247641,0.7467824,3B
14.495,0.7503812,0.00247641,0.7470401,3B
14.4975,0.7577947,0.00247641,0.7472978,3B
14.5,0.7570209,0.00247641,0.7475556,3B
14.5025,0.7546584,0.00247641,0.7478134,3B
14.505,0.7532209,0.00247641,0.7480712,3B
14.5075,0.7581095,0.00247641,0.7483291,3B
14.51,0.7602578,0.00247641,0.748587,3B
14.5125,0.754734,0.00247641,0.748845,3B
14.515,0.7345556,0.00247641,0.749103,3B
14.5175,0.7398422,0.00247641,0.7493611,3B
14.52,0.7577169,0.00247641,0.7496192,3B
14.5225,0.7602017,0.00247641,0.7498774,3B
14.525,0.7521618,0.00247641,0.7501356,3B
14.5275,0.754888,0.00247641,0.7503938,3B
14.53,0.7522701,0.00247641,0.7506521,3B
14.5325,0.75364,0.00247641,0.7509104,3B
14.535,0.7432214,0.00247641,0.7511688,3B
14.5375,0.7534497,0.00247641,0.7514272,3B
14.54,0.7552658,0.00247641,0.7516857,3B
14.5425,0.7616569,0.00247641,0.7519442,3B
14.545,0.7552889,0.00247641,0.7522028,3B
14.5475,0.7442666,0.00247641,0.7524614,3B
14.55,0.7286607,0.00247641,0.75272,3B
14.5525,0.7429415,0.00247641,0.7529787,3B
14.555,0.7588624,0.00247641,0.7532374,3B
14.5575,0.7564111,0.00247641,0.7534962,3B
14.56,0.7582829,0.00247641,0.753755,3B
14.5625,0.7553943,0.00247641,0.7540139,3B
14.565,0.7552979,0.00247641,0.7542728,3B
14.5675,0.7580612,0.00247641,0.7545318,3B
14.57,0.7568853,0.00247641,0.7547908,3B
14.5725,0.754632,0.00247641,0.7550498,3B
14.575,0.7616645,0.00247641,0.7553089,3B
14.5775,0.7569818,0.00247641,0.755568,3B
14.58,0.7556486,0.00247641,0.7558272,3B
14.5825,0.740028,0.00247641,0.7560864,3B
14.585,0.7303333,0.00247641,0.7563457,3B
14.5875,0.7575761,0.00247641,0.756605,3B
14.59,0.7681607,0.00247641,0.7568644,3B
14.5925,0.7617646,0.00247641,0.7571238,3B
14.595,0.7547995,0.00247641,0.7573832,3B
14.5975,0.7579001,0.00247641,0.7576427,3B
14.6,0.7645312,0.00247641,0.7579022,3B
14.6025,0.7622927,0.00247641,0.7581618,3B
14.605,0.7603589,0.00247641,0.7584214,3B
14.6075,0.762137,0.00247641,0.7586811,3B
14.61,0.7665266,0.00247641,0.7589408,3B
14.6125,0.7647503,0.00247641,0.7592006,3B
14.615,0.7556526,0.00247641,0.7594604,3B
14.6175,0.7391262,0.00247641,0.7597202,3B
14.62,0.7461568,0.00247641,0.7599801,3B
14.6225,0.7681292,0.00247641,0.76024,3B
14.625,0.7720645,0.00247641,0.7605,3B
14.6275,0.7614035,0.00247641,0.76076,3B
14.63,0.7669429,0.00247641,0.7610201,3B
14.6325,0.7675576,0.00247641,0.7612802,3B
14.635,0.7602425,0.00247641,0.7615404,3B
14.6375,0.7638878,0.00247641,0.7618006,3B
14.64,0.7640636,0.00247641,0.7620608,3B
14.6425,0.7626162,0.00247641,0.7623211,3B
14.645,0.7662368,0.00247641,0.7625814,3B
14.6475,0.76516,0.00247641,0.7628418,3B
14.65,0.7502159,0.00247641,0.7631022,3B
14.6525,0.7320936,0.00247641,0.7633627,3B
14.655,0.7563839,0.00247641,0.7636232,3B
14.6575,0.7707904,0.00247641,0.7638838,3B
14.66,0.770757,0.00247641,0.7641444,3B
14.6625,0.7715917,0.00247641,0.764405,3B
14.665,0.7682619,0.00247641,0.7646657,3B
14.6675,0.7684857,0.00247641,0.7649264,3B
14.67,0.7682065,0.00247641,0.7651872,3B
14.6725,0.7728402,0.00247641,0.765448,3B
14.675,0.7691509,0.00247641,0.7657089,3B
14.6775,0.7683435,0.00247641,0.7659698,3B
14.68,0.7678727,0.00247641,0.7662308,3B
14.6825,0.766404,0.00247641,0.7664918,3B
14.685,0.7417505,0.00247641,0.7667528,3B
14.6875,0.7340803,0.00247641,0.7670139,3B
14.69,0.7605694,0.00247641,0.767275,3B
14.6925,0.7739977,0.00247641,0.7675362,3B
14.695,0.7769331,0.00247641,0.7677974,3B
14.6975,0.7720063,0.00247641,0.7680587,3B
14.7,0.7718128,0.00247641,0.76832,3B
14.7025,0.7674271,0.00247641,0.7685814,3B
14.705,0.771566,0.00247641,0.7688428,3B
14.7075,0.7713363,0.00247641,0.7691042,3B
14.71,0.772735,0.00247641,0.7693657,3B
14.7125,0.7733286,0.00247641,0.7696272,3B
14.715,0.7767915,0.00247641,0.7698888,3B
14.7175,0.7631059,0.00247641,0.7701504,3B
14.72,0.7429882,0.00247641,0.7704121,3B
14.7225,0.7461226,0.00247641,0.7706738,3B
14.725,0.7653557,0.00247641,0.7709356,3B
14.7275,0.7763865,0.00247641,0.7711974,3B
14.73,0.7759548,0.00247641,0.7714592,3B
14.7325,0.7702593,0.00247641,0.7717211,3B
14.735,0.7757374,0.00247641,0.771983,3B
14.7375,0.7730187,0.00247641,0.772245,3B
14.74,0.7729327,0.00247641,0.772507,3B
14.7425,0.7735764,0.00247641,0.7727691,3B
14.745,0.7746807,0.00247641,0.7730312,3B
14.7475,0.7806871,0.00247641,0.7732934,3B
14.75,0.7767871,0.00247641,0.7735556,3B
14.7525,0.763991,0.00247641,0.7738178,3B
14.755,0.744973,0.00247641,0.7740801,3B
14.7575,0.7539503,0.00247641,0.7743424,3B
14.76,0.7767171,0.00247641,0.7746048,3B
14.7625,0.7775018,0.00247641,0.7748672,3B
14.765,0.781734,0.00247641,0.7751297,3B
14.7675,0.7785501,0.00247641,0.7753922,3B
14.77,0.7799751,0.00247641,0.7756548,3B
14.7725,0.7752266,0.00247641,0.7759174,3B
14.775,0.776633,0.00247641,0.77618,3B
14.7775,0.7811804,0.00247641,0.7764427,3B
14.78,0.7776906,0.00247641,0.7767054,3B
14.7825,0.779978,0.00247641,0.7769682,3B
14.785,0.7796717,0.00247641,0.777231,3B
14.7875,0.7598334,0.00247641,0.7774939,3B
14.79,0.7460288,0.00247641,0.7777568,3B
14.7925,0.7563111,0.00247641,0.7780198,3B
14.795,0.7779828,0.00247641,0.7782828,3B
14.7975,0.7824824,0.00247641,0.7785458,3B
14.8,0.78286,0.00247641,0.7788089,3B
14.8025,0.7803525,0.00247641,0.779072,3B
14.805,0.779059,0.00247641,0.7793352,3B
14.8075,0.7826547,0.00247641,0.7795984,3B
14.81,0.7795925,0.00247641,0.7798617,3B
14.8125,0.783343,0.00247641,0.780125,3B
14.815,0.7784042,0.00247641,0.7803884,3B
14.8175,0.7832291,0.00247641,0.7806518,3B
14.82,0.7817308,0.00247641,0.7809152,3B
14.8225,0.7580947,0.00247641,0.7811787,3B
14.825,0.747469,0.00247641,0.7814422,3B
14.8275,0.7661936,0.00247641,0.7817058,3B
14.83,0.7802782,0.00247641,0.7819694,3B
14.8325,0.7813613,0.00247641,0.7822331,3B
14.835,0.7829416,0.00247641,0.7824968,3B
14.8375,0.786637,0.00247641,0.7827606,3B
14.84,0.7824202,0.00247641,0.7830244,3B
14.8425,0.7824395,0.00247641,0.7832882,3B
14.845,0.786011,0.00247641,0.7835521,3B
14.8475,0.791754,0.00247641,0.783816,3B
14.85,0.7875339,0.00247641,0.78408,3B
14.8525,0.7909976,0.00247641,0.784344,3B
14.855,0.7851257,0.00247641,0.7846081,3B
14.8575,0.764751,0.00247641,0.7848722,3B
14.86,0.7475132,0.00247641,0.7851364,3B
14.8625,0.7721876,0.00247641,0.7854006,3B
14.865,0.7890331,0.00247641,0.7856648,3B
14.8675,0.7900885,0.00247641,0.7859291,3B
14.87,0.7917449,0.00247641,0.7861934,3B
14.8725,0.7905502,0.00247641,0.7864578,3B
14.875,0.7907515,0.00247641,0.7867222,3B
14.8775,0.7903526,0.00247641,0.7869867,3B
14.88,0.7869168,0.00247641,0.7872512,3B
14.8825,0.7906256,0.00247641,0.7875158,3B
14.885,0.7954358,0.00247641,0.7877804,3B
14.8875,0.800531,0.00247641,0.788045,3B
14.89,0.7957281,0.00247641,0.7883097,3B
14.8925,0.767697,0.00247641,0.7885744,3B
14.895,0.7604059,0.00247641,0.7888392,3B
14.8975,0.7845787,0.00247641,0.789104,3B
14.9,0.7967426,0.00247641,0.7893689,3B
14.9025,0.7962288,0.00247641,0.7896338,3B
14.905,0.8027271,0.00247641,0.7898988,3B
14.9075,0.7993209,0.00247641,0.7901638,3B
14.91,0.8044685,0.00247641,0.7904288,3B
14.9125,0.8083686,0.00247641,0.7906939,3B
14.915,0.8057696,0.00247641,0.790959,3B
14.9175,0.810906,0.00247641,0.7912242,3B
14.92,0.8164771,0.00247641,0.7914894,3B
14.9225,0.8172145,0.00247641,0.7917547,3B
14.925,0.8133537,0.00247641,0.79202,3B
14.9275,0.793257,0.00247641,0.7922854,3B
14.93,0.7884502,0.00247641,0.7925508,3B
14.9325,0.8095338,0.00247641,0.7928162,3B
14.935,0.8295474,0.00247641,0.7930817,3B
14.9375,0.8316217,0.00247641,0.7933472,3B
14.94,0.8346659,0.00247641,0.7936128,3B
14.9425,0.8393487,0.00247641,0.7938784,3B
14.945,0.8370382,0.00247641,0.7941441,3B
14.9475,0.8350057,0.00247641,0.7944098,3B
14.95,0.8322676,0.00247641,0.7946756,3B
14.9525,0.8262775,0.00247641,0.7949414,3B
14.955,0.8289275,0.00247641,0.7952072,3B
14.9575,0.8189846,0.00247641,0.7954731,3B
14.96,0.8069555,0.00247641,0.795739,3B
14.9625,0.781989,0.00247641,0.796005,3B
14.965,0.758536,0.00247641,0.796271,3B
14.9675,0.7599757,0.00247641,0.7965371,3B
14.97,0.7534809,0.00247641,0.7968032,3B
14.9725,0.7300652,0.00247641,0.7970694,3B
14.975,0.6918217,0.00247641,0.7973356,3B
14.9775,0.6229506,0.00247641,0.7976018,3B
14.98,0.6000488,0.00247641,0.7978681,3B
14.9825,0.6857045,0.00247641,0.7981344,3B
14.985,0.7802206,0.00247641,0.7984008,3B
14.9875,0.8032659,0.00247641,0.7986672,3B
14.99,0.7991002,0.00247641,0.7989337,3B
14.9925,0.8028594,0.00247641,0.7992002,3B
14.995,0.8073962,0.00247641,0.7994668,3B
14.9975,0.7978344,0.00247641,0.7997334,3B
15.0,0.7997651,0.00247641,0.8,3B
15.0025,0.8036918,0.00247641,0.8002667,3B
15.005,0.800454,0.00247641,0.8005334,3B
15.0075,0.8037832,0.00247641,0.8008002,3B
15.01,0.7980564,0.00247641,0.801067,3B
15.0125,0.7960745,0.00247641,0.8013339,3B
15.015,0.7779507,0.00247641,0.8016008,3B
15.0175,0.7704084,0.00247641,0.8018678,3B
15.02,0.7875687,0.00247641,0.8021348,3B
15.0225,0.7971022,0.00247641,0.8024018,3B
15.025,0.8008946,0.00247641,0.8026689,3B
15.0275,0.8082972,0.00247641,0.802936,3B
15.03,0.8058775,0.00247641,0.8032032,3B
15.0325,0.8058569,0.00247641,0.8034704,3B
15.035,0.8056189,0.00247641,0.8037377,3B
15.0375,0.8058629,0.00247641,0.804005,3B
15.04,0.8017063,0.00247641,0.8042724,3B
15.0425,0.8022645,0.00247641,0.8045398,3B
15.045,0.8079001,0.00247641,0.8048072,3B
15.0475,0.7993606,0.00247641,0.8050747,3B
15.05,0.7815504,0.00247641,0.8053422,3B
15.0525,0.7669906,0.00247641,0.8056098,3B
15.055,0.7911317,0.00247641,0.8058774,3B
15.0575,0.8047162,0.00247641,0.8061451,3B
15.06,0.8088614,0.00247641,0.8064128,3B
15.0625,0.8101864,0.00247641,0.8066806,3B
15.065,0.8069215,0.00247641,0.8069484,3B
15.0675,0.8046124,0.00247641,0.8072162,3B
15.07,0.8071052,0.00247641,0.8074841,3B
15.0725,0.8132098,0.00247641,0.807752,3B
15.075,0.8117219,0.00247641,0.80802,3B
15.0775,0.807764,0.00247641,0.808288,3B
15.08,0.8081909,0.00247641,0.8085561,3B
15.0825,0.8067044,0.00247641,0.8088242,3B
15.085,0.7844038,0.00247641,0.8090924,3B
15.0875,0.7677675,0.00247641,0.8093606,3B
15.09,0.7927086,0.00247641,0.8096288,3B
15.0925,0.8088972,0.00247641,0.8098971,3B
15.095,0.805652,0.00247641,0.8101654,3B
15.0975,0.8120635,0.00247641,0.8104338,3B
15.1,0.8130544,0.00247641,0.8107022,3B
15.1025,0.8139489,0.00247641,0.8109707,3B
15.105,0.8138915,0.00247641,0.8112392,3B
15.1075,0.8118779,0.00247641,0.8115078,3B
15.11,0.8123717,0.00247641,0.8117764,3B
15.1125,0.8132645,0.00247641,0.812045,3B
15.115,0.8124747,0.00247641,0.8123137,3B
15.1175,0.8088129,0.00247641,0.8125824,3B
15.12,0.7950177,0.00247641,0.8128512,3B
15.1225,0.7723667,0.00247641,0.81312,3B
15.125,0.789822,0.00247641,0.8133889,3B
15.1275,0.8061749,0.00247641,0.8136578,3B
15.13,0.8174527,0.00247641,0.8139268,3B
15.1325,0.819032,0.00247641,0.8141958,3B
15.135,0.8180171,0.00247641,0.8144648,3B
15.1375,0.8184285,0.00247641,0.8147339,3B
15.14,0.8180456,0.00247641,0.815003,3B
15.1425,0.8185229,0.00247641,0.8152722,3B
15.145,0.8181903,0.00247641,0.8155414,3B
15.1475,0.8158629,0.00247641,0.8158107,3B
15.15,0.8201613,0.00247641,0.81608,3B
15.1525,0.8145366,0.00247641,0.8163494,3B
15.155,0.7965927,0.00247641,0.8166188,3B
15.1575,0.7819684,0.00247641,0.8168882,3B
15.16,0.7955374,0.00247641,0.8171577,3B
15.1625,0.8115586,0.00247641,0.8174272,3B
15.165,0.8201666,0.00247641,0.8176968,3B
15.1675,0.8195149,0.00247641,0.8179664,3B
15.17,0.8197077,0.00247641,0.8182361,3B
15.1725,0.8198378,0.00247641,0.8185058,3B
15.175,0.8171786,0.00247641,0.8187756,3B
15.1775,0.8208983,0.00247641,0.8190454,3B
15.18,0.8179386,0.00247641,0.8193152,3B
15.1825,0.8193588,0.00247641,0.8195851,3B
15.185,0.8183234,0.00247641,0.819855,3B
15.1875,0.8182794,0.00247641,0.820125,3B
15.19,0.8050563,0.00247641,0.820395,3B
15.1925,0.7902089,0.00247641,0.8206651,3B
15.195,0.7923774,0.00247641,0.8209352,3B
15.1975,0.8109529,0.00247641,0.8212054,3B
15.2,0.8234604,0.00247641,0.8214756,3B
15.2025,0.8240785,0.00247641,0.8217458,3B
15.205,0.8231924,0.00247641,0.8220161,3B
15.2075,0.8200597,0.00247641,0.8222864,3B
15.21,0.8255932,0.00247641,0.8225568,3B
15.2125,0.8241037,0.00247641,0.8228272,3B
15.215,0.8270839,0.00247641,0.8230977,3B
15.2175,0.8265559,0.00247641,0.8233682,3B
15.22,0.8287287,0.00247641,0.8236388,3B
15.2225,0.8214705,0.00247641,0.8239094,3B
15.225,0.8227587,0.00247641,0.82418,3B
15.2275,0.7999988,0.00247641,0.8244507,3B
15.23,0.793537,0.00247641,0.8247214,3B
15.2325,0.8217841,0.00247641,0.8249922,3B
15.235,0.8296659,0.00247641,0.825263,3B
15.2375,0.8327652,0.00247641,0.8255339,3B
15.24,0.8281603,0.00247641,0.8258048,3B
15.2425,0.8316675,0.00247641,0.8260758,3B
15.245,0.8293411,0.00247641,0.8263468,3B
15.2475,0.8289603,0.00247641,0.8266178,3B
15.25,0.8366087,0.00247641,0.8268889,3B
15.2525,0.830147,0.00247641,0.82716,3B
15.255,0.8300018,0.00247641,0.8274312,3B
15.2575,0.8301229,0.00247641,0.8277024,3B
15.26,0.8248585,0.00247641,0.8279737,3B
15.2625,0.8093524,0.00247641,0.828245,3B
15.265,0.7964183,0.00247641,0.8285164,3B
15.2675,0.8141591,0.00247641,0.8287878,3B
15.27,0.8254023,0.00247641,0.8290592,3B
15.2725,0.8365722,0.00247641,0.8293307,3B
15.275,0.8319115,0.00247641,0.8296022,3B
15.2775,0.8283814,0.00247641,0.8298738,3B
15.28,0.8326876,0.00247641,0.8301454,3B
15.2825,0.8332606,0.00247641,0.8304171,3B
15.285,0.8304364,0.00247641,0.8306888,3B
15.2875,0.8397502,0.00247641,0.8309606,3B
15.29,0.8304908,0.00247641,0.8312324,3B
15.2925,0.8299527,0.00247641,0.8315042,3B
15.295,0.8305645,0.00247641,0.8317761,3B
15.2975,0.8236116,0.00247641,0.832048,3B
15.3,0.8009442,0.00247641,0.83232,3B
15.3025,0.8105262,0.00247641,0.832592,3B
15.305,0.8335554,0.00247641,0.8328641,3B
15.3075,0.838445,0.00247641,0.8331362,3B
15.31,0.8371356,0.00247641,0.8334084,3B
15.3125,0.8362864,0.00247641,0.8336806,3B
15.315,0.8401497,0.00247641,0.8339528,3B
15.3175,0.8426135,0.00247641,0.8342251,3B
15.32,0.8395656,0.00247641,0.8344974,3B
15.3225,0.8431316,0.00247641,0.8347698,3B
15.325,0.8422376,0.00247641,0.8350422,3B
15.3275,0.8357315,0.00247641,0.8353147,3B
15.33,0.8367831,0.00247641,0.8355872,3B
15.3325,0.8275892,0.00247641,0.8358598,3B
15.335,0.807488,0.00247641,0.8361324,3B
15.3375,0.8094671,0.00247641,0.836405,3B
15.34,0.8298113,0.00247641,0.8366777,3B
15.3425,0.8436866,0.00247641,0.8369504,3B
15.345,0.8405091,0.00247641,0.8372232,3B
15.3475,0.8398635,0.00247641,0.837496,3B
15.35,0.8379156,0.00247641,0.8377689,3B
15.3525,0.8374694,0.00247641,0.8380418,3B
15.355,0.8396351,0.00247641,0.8383148,3B
15.3575,0.840213,0.00247641,0.8385878,3B
15.36,0.8387083,0.00247641,0.8388608,3B
15.3625,0.8423036,0.00247641,0.8391339,3B
15.365,0.8442564,0.00247641,0.839407,3B
15.3675,0.8399889,0.00247641,0.8396802,3B
15.37,0.828236,0.00247641,0.8399534,3B
15.3725,0.8109343,0.00247641,0.8402267,3B
15.375,0.8308962,0.00247641,0.8405,3B
15.3775,0.8444258,0.00247641,0.8407734,3B
15.38,0.8460376,0.00247641,0.8410468,3B
15.3825,0.8414049,0.00247641,0.8413202,3B
15.385,0.8459608,0.00247641,0.8415937,3B
15.3875,0.8441593,0.00247641,0.8418672,3B
15.39,0.8474556,0.00247641,0.8421408,3B
15.3925,0.8418664,0.00247641,0.8424144,3B
15.395,0.8438302,0.00247641,0.8426881,3B
15.3975,0.843482,0.00247641,0.8429618,3B
15.4,0.8457549,0.00247641,0.8432356,3B
15.4025,0.845759,0.00247641,0.8435094,3B
15.405,0.8379857,0.00247641,0.8437832,3B
15.4075,0.8222573,0.00247641,0.8440571,3B
15.41,0.8283857,0.00247641,0.844331,3B
15.4125,0.8463148,0.00247641,0.844605,3B
15.415,0.8519595,0.00247641,0.844879,3B
15.4175,0.8518651,0.00247641,0.8451531,3B
15.42,0.8472739,0.00247641,0.8454272,3B
15.4225,0.8500784,0.00247641,0.8457014,3B
15.425,0.8509137,0.00247641,0.8459756,3B
15.4275,0.8529959,0.00247641,0.8462498,3B
15.43,0.8518652,0.00247641,0.8465241,3B
15.4325,0.8525329,0.00247641,0.8467984,3B
15.435,0.8515071,0.00247641,0.8470728,3B
15.4375,0.8558606,0.00247641,0.8473472,3B
15.44,0.8508392,0.00247641,0.8476217,3B
15.4425,0.8413146,0.00247641,0.8478962,3B
15.445,0.8348482,0.00247641,0.8481708,3B
15.4475,0.8515159,0.00247641,0.8484454,3B
15.45,0.858574,0.00247641,0.84872,3B
15.4525,0.8604467,0.00247641,0.8489947,3B
15.455,0.856005,0.00247641,0.8492694,3B
15.4575,0.8535088,0.00247641,0.8495442,3B
15.46,0.8563821,0.00247641,0.849819,3B
15.4625,0.8510757,0.00247641,0.8500939,3B
15.465,0.8540498,0.00247641,0.8503688,3B
15.4675,0.8506881,0.00247641,0.8506438,3B
15.47,0.8525193,0.00247641,0.8509188,3B
15.4725,0.8537998,0.00247641,0.8511938,3B
15.475,0.8539678,0.00247641,0.8514689,3B
15.4775,0.8475768,0.00247641,0.851744,3B
15.48,0.8334589,0.00247641,0.8520192,3B
15.4825,0.8400437,0.00247641,0.8522944,3B
15.485,0.8545948,0.00247641,0.8525697,3B
15.4875,0.8596853,0.00247641,0.852845,3B
15.49,0.8522,0.00247641,0.8531204,3B
15.4925,0.8496609,0.00247641,0.8533958,3B
15.495,0.8533134,0.00247641,0.8536712,3B
15.4975,0.8553322,0.00247641,0.8539467,3B
15.5,0.8555211,0.00247641,0.8542222,3B
15.5025,0.8550713,0.00247641,0.8544978,3B
15.505,0.8580253,0.00247641,0.8547734,3B
15.5075,0.8584761,0.00247641,0.8550491,3B
15.51,0.8575883,0.00247641,0.8553248,3B
15.5125,0.8555995,0.00247641,0.8556006,3B
15.515,0.8471102,0.00247641,0.8558764,3B
15.5175,0.8423294,0.00247641,0.8561522,3B
15.52,0.8530735,0.00247641,0.8564281,3B
15.5225,0.8559325,0.00247641,0.856704,3B
15.525,0.8576183,0.00247641,0.85698,3B
15.5275,0.8571668,0.00247641,0.857256,3B
15.53,0.8579919,0.00247641,0.8575321,3B
15.5325,0.8582882,0.00247641,0.8578082,3B
15.535,0.8606663,0.00247641,0.8580844,3B
15.5375,0.8574552,0.00247641,0.8583606,3B
15.54,0.8577757,0.00247641,0.8586368,3B
15.5425,0.8607932,0.00247641,0.8589131,3B
15.545,0.860414,0.00247641,0.8591894,3B
15.5475,0.8637791,0.00247641,0.8594658,3B
15.55,0.8620409,0.00247641,0.8597422,3B
15.5525,0.8531031,0.00247641,0.8600187,3B
15.555,0.8558735,0.00247641,0.8602952,3B
15.5575,0.8637892,0.00247641,0.8605718,3B
15.56,0.8659581,0.00247641,0.8608484,3B
15.5625,0.8628906,0.00247641,0.861125,3B
15.565,0.8611923,0.00247641,0.8614017,3B
15.5675,0.8626437,0.00247641,0.8616784,3B
15.57,0.8601184,0.00247641,0.8619552,3B
